,Name,Reviews count,F,M
414,CYMBALTA.csv,2478.0,1882.0,596.0
451,DEPO-PROVERA.csv,2317.0,2264.0,53.0
552,EFFEXOR XR.csv,2127.0,1551.0,576.0
885,LEVAQUIN.csv,2076.0,1407.0,669.0
902,LEXAPRO.csv,1907.0,1319.0,588.0
323,CIPRO.csv,1889.0,1206.0,683.0
863,LAMICTAL.csv,1785.0,1320.0,465.0
1654,TOPAMAX.csv,1709.0,1536.0,173.0
1861,ZYRTEC.csv,1670.0,1082.0,588.0
660,FLAGYL.csv,1663.0,1330.0,333.0
1051,METRONIDAZOLE.csv,1579.0,1278.0,301.0
183,BACTRIM.csv,1573.0,1213.0,360.0
1833,ZOLOFT.csv,1544.0,1085.0,459.0
220,BONIVA.csv,1518.0,1433.0,85.0
981,MACROBID.csv,1490.0,1420.0,70.0
1243,ORTHO TRI-CYCLEN.csv,1484.0,1436.0,48.0
1363,PRILOSEC.csv,1444.0,797.0,647.0
1511,SEROQUEL.csv,1413.0,891.0,522.0
87,AMBIEN.csv,1400.0,906.0,494.0
1807,WELLBUTRIN XL.csv,1388.0,1052.0,336.0
132,ARIMIDEX.csv,1337.0,1296.0,41.0
932,LOESTRIN FE 1_20.csv,1326.0,1289.0,37.0
978,LYRICA.csv,1274.0,947.0,327.0
1520,SINGULAIR.csv,1248.0,760.0,488.0
1588,TAMIFLU.csv,1218.0,809.0,409.0
213,BIAXIN.csv,1211.0,911.0,300.0
1808,WELLBUTRIN.csv,1163.0,858.0,305.0
402,CRESTOR.csv,1150.0,588.0,562.0
1827,ZITHROMAX.csv,1145.0,784.0,361.0
1407,PROVERA.csv,1123.0,1103.0,20.0
297,CELEXA.csv,1049.0,735.0,314.0
1767,VERSED.csv,1041.0,647.0,394.0
1142,NASONEX.csv,1039.0,611.0,428.0
637,FEMARA.csv,1029.0,991.0,38.0
865,LAMISIL.csv,1009.0,600.0,409.0
849,KLONOPIN.csv,994.0,570.0,424.0
1806,WELLBUTRIN SR.csv,980.0,692.0,288.0
1289,PAXIL.csv,980.0,622.0,358.0
1156,NEXIUM.csv,966.0,572.0,394.0
553,EFFEXOR.csv,894.0,661.0,233.0
1409,PROZAC.csv,891.0,646.0,245.0
337,CLARITIN.csv,890.0,553.0,337.0
1812,XANAX.csv,887.0,507.0,380.0
1829,ZOCOR.csv,879.0,449.0,430.0
1153,NEURONTIN.csv,865.0,615.0,250.0
1580,SYNTHROID.csv,855.0,729.0,126.0
398,COUMADIN.csv,853.0,581.0,272.0
1444,REMERON.csv,845.0,505.0,340.0
34,ADDERALL 10.csv,810.0,477.0,333.0
1657,TOPROL-XL.csv,807.0,459.0,348.0
239,BUSPAR.csv,805.0,514.0,291.0
973,LUPRON.csv,805.0,726.0,79.0
58,ALDARA.csv,799.0,522.0,277.0
1207,NUVARING.csv,789.0,775.0,14.0
969,LUNESTA.csv,770.0,503.0,267.0
1162,NICORETTE.csv,750.0,451.0,299.0
1498,SEASONALE.csv,748.0,730.0,18.0
380,CONCERTA.csv,743.0,408.0,335.0
501,DIOVAN.csv,718.0,402.0,316.0
1462,RISPERDAL.csv,717.0,349.0,368.0
67,ALLEGRA.csv,710.0,476.0,234.0
931,LOESTRIN FE 1.5_30.csv,701.0,686.0,15.0
9,ACCUTANE.csv,695.0,476.0,219.0
1159,NIASPAN.csv,694.0,260.0,434.0
2,ABILIFY.csv,693.0,460.0,233.0
1066,MICRONOR.csv,684.0,676.0,8.0
149,ATIVAN.csv,667.0,375.0,292.0
1194,NORVASC.csv,662.0,381.0,281.0
1046,METROGEL-VAGINAL.csv,657.0,635.0,22.0
1778,VICODIN.csv,636.0,394.0,242.0
1332,PLAQUENIL.csv,631.0,566.0,65.0
1408,PROVIGIL.csv,605.0,385.0,220.0
1288,PAXIL CR.csv,586.0,397.0,189.0
1242,ORTHO EVRA.csv,582.0,571.0,11.0
1439,REGLAN.csv,580.0,442.0,138.0
719,GLUCOPHAGE.csv,576.0,483.0,93.0
785,IMITREX.csv,569.0,473.0,96.0
458,DESOGEN.csv,569.0,552.0,17.0
1849,ZYBAN.csv,564.0,316.0,248.0
1803,VYVANSE.csv,559.0,341.0,218.0
1358,PREVACID.csv,556.0,347.0,209.0
556,ELAVIL.csv,547.0,418.0,129.0
353,CLOMID.csv,545.0,535.0,10.0
1720,ULTRAM.csv,542.0,361.0,181.0
1367,PRISTIQ.csv,540.0,400.0,140.0
864,LAMISIL AT.csv,539.0,346.0,193.0
1351,PREDNISONE.csv,538.0,378.0,160.0
710,GEODON.csv,537.0,369.0,168.0
1303,PERCOCET.csv,537.0,323.0,214.0
1740,VALTREX.csv,528.0,399.0,129.0
1858,ZYPREXA.csv,526.0,274.0,252.0
1390,PROMETRIUM.csv,521.0,507.0,14.0
665,FLOMAX.csv,503.0,34.0,469.0
789,IMURAN.csv,495.0,329.0,166.0
572,ENBREL.csv,493.0,330.0,163.0
1333,PLAVIX.csv,491.0,188.0,303.0
664,FLEXERIL.csv,483.0,337.0,146.0
1256,OVCON-35.csv,480.0,466.0,14.0
1086,MIRCETTE.csv,478.0,458.0,20.0
19,ACIPHEX.csv,469.0,307.0,162.0
1379,PROGESTERONE.csv,463.0,445.0,18.0
1445,REMICADE.csv,461.0,323.0,138.0
1393,PROPECIA.csv,460.0,8.0,452.0
1353,PREMARIN.csv,458.0,440.0,18.0
1083,MIRALAX.csv,451.0,320.0,131.0
139,ASACOL.csv,431.0,275.0,156.0
500,DIOVAN HCT.csv,418.0,244.0,174.0
1085,MIRAPEX.csv,415.0,267.0,148.0
1272,OXYCONTIN.csv,410.0,194.0,216.0
954,LOTREL.csv,403.0,188.0,215.0
1402,PROTONIX.csv,402.0,267.0,135.0
1204,NULYTELY.csv,401.0,246.0,155.0
619,EXCEDRIN (MIGRAINE).csv,397.0,319.0,78.0
335,CLARITIN-D 24 HOUR.csv,395.0,233.0,162.0
518,DOSTINEX.csv,395.0,289.0,106.0
1550,STRATTERA.csv,387.0,199.0,188.0
836,KENALOG-40.csv,382.0,306.0,76.0
1028,METHOTREXATE SODIUM.csv,377.0,271.0,106.0
1736,VALIUM.csv,366.0,179.0,187.0
27,ACTOS.csv,356.0,208.0,148.0
247,BYSTOLIC.csv,356.0,199.0,157.0
378,COMPAZINE.csv,356.0,283.0,73.0
1448,REQUIP.csv,352.0,230.0,122.0
295,CELEBREX.csv,347.0,249.0,98.0
336,CLARITIN-D.csv,338.0,226.0,112.0
1690,TRILEPTAL.csv,335.0,235.0,100.0
400,COZAAR.csv,335.0,170.0,165.0
1099,MONISTAT 7.csv,326.0,318.0,8.0
489,DIFLUCAN.csv,319.0,288.0,31.0
1686,TRICOR (MICRONIZED).csv,316.0,128.0,188.0
1599,TAZORAC.csv,315.0,244.0,71.0
1415,PURINETHOL.csv,312.0,183.0,129.0
356,CLONAZEPAM.csv,305.0,179.0,126.0
992,MAXALT.csv,305.0,249.0,56.0
306,CHANTIX.csv,305.0,197.0,108.0
919,LITHIUM CARBONATE.csv,303.0,228.0,75.0
975,LUVOX.csv,300.0,170.0,130.0
1521,SKELAXIN.csv,298.0,203.0,95.0
66,ALLEGRA-D 12 HOUR ALLERGY AND CONGESTION.csv,297.0,208.0,89.0
670,FLOVENT.csv,294.0,156.0,138.0
388,COREG.csv,294.0,142.0,152.0
385,COPAXONE.csv,294.0,244.0,50.0
197,BENICAR.csv,292.0,163.0,129.0
1097,MONISTAT 3.csv,292.0,283.0,9.0
141,ASTELIN.csv,291.0,195.0,96.0
1784,VIIBRYD.csv,290.0,222.0,68.0
1000,MEDROL.csv,280.0,214.0,66.0
464,DESYREL.csv,276.0,189.0,87.0
1658,TORADOL.csv,275.0,216.0,59.0
1013,MERIDIA.csv,274.0,242.0,32.0
727,GOLYTELY.csv,273.0,190.0,83.0
800,INDOMETHACIN.csv,271.0,121.0,150.0
1772,VIAGRA.csv,271.0,3.0,268.0
1603,TEGRETOL.csv,268.0,185.0,83.0
78,ALTACE.csv,254.0,113.0,141.0
1838,ZOMIG.csv,252.0,209.0,43.0
1528,SOMA.csv,251.0,163.0,88.0
1666,TRANSDERM SCOP.csv,251.0,202.0,49.0
416,CYTOMEL.csv,248.0,210.0,38.0
1021,METHADONE HYDROCHLORIDE.csv,248.0,121.0,127.0
1481,ROZEREM.csv,243.0,158.0,85.0
761,HYDROCHLOROTHIAZIDE.csv,237.0,166.0,71.0
794,INDERAL.csv,237.0,155.0,82.0
160,AVAPRO.csv,231.0,128.0,103.0
521,DOXEPIN HYDROCHLORIDE.csv,231.0,155.0,76.0
39,ADVAIR DISKUS 100_50.csv,228.0,150.0,78.0
1816,XENICAL.csv,228.0,200.0,28.0
1820,YAZ.csv,227.0,222.0,5.0
1087,MIRENA.csv,224.0,217.0,7.0
1792,VISTARIL.csv,217.0,148.0,69.0
1710,TUSSIONEX PENNKINETIC.csv,217.0,140.0,77.0
946,LORTAB.csv,214.0,134.0,80.0
1832,ZOLADEX.csv,214.0,181.0,33.0
1343,PRAVACHOL.csv,213.0,111.0,102.0
564,ELMIRON.csv,213.0,186.0,27.0
609,ESTROSTEP 21.csv,212.0,202.0,10.0
876,LATUDA.csv,211.0,164.0,47.0
1241,ORTHO CYCLEN-21.csv,204.0,199.0,5.0
1246,ORTHO-NOVUM 1_35-28.csv,203.0,194.0,9.0
1466,RITALIN.csv,202.0,109.0,93.0
246,BYETTA.csv,201.0,143.0,58.0
343,CLIMARA.csv,198.0,191.0,7.0
381,CONDYLOX.csv,197.0,92.0,105.0
1111,MS CONTIN.csv,195.0,92.0,103.0
128,ARAVA.csv,193.0,159.0,34.0
495,DILAUDID.csv,191.0,128.0,63.0
131,ARICEPT.csv,190.0,132.0,58.0
788,IMPLANON.csv,189.0,187.0,2.0
831,KEFLEX.csv,187.0,144.0,43.0
657,FLAGYL ER.csv,185.0,155.0,30.0
810,INVEGA.csv,185.0,90.0,95.0
991,MAXALT-MLT.csv,185.0,145.0,40.0
1450,RESTORIL.csv,184.0,115.0,69.0
1058,MICARDIS.csv,184.0,95.0,89.0
345,CLINDAMYCIN HCL.csv,183.0,147.0,36.0
1449,RESTASIS.csv,183.0,155.0,28.0
1276,PAMELOR.csv,183.0,130.0,53.0
162,AVIANE-28.csv,182.0,178.0,4.0
1092,MOBIC.csv,181.0,143.0,38.0
1615,TENORMIN.csv,179.0,86.0,93.0
230,BRINTELLIX.csv,179.0,141.0,38.0
1365,PRINIVIL.csv,176.0,90.0,86.0
1574,SYMBICORT.csv,175.0,132.0,43.0
448,DEPAKOTE ER.csv,175.0,116.0,59.0
1208,NUVIGIL.csv,174.0,121.0,53.0
1672,TRAZODONE HCL.csv,174.0,116.0,58.0
607,ESTRING.csv,173.0,170.0,3.0
69,ALLOPURINOL.csv,173.0,29.0,144.0
775,HYZAAR.csv,172.0,105.0,67.0
486,DIFFERIN.csv,171.0,142.0,29.0
493,DILANTIN.csv,171.0,79.0,92.0
157,AUGMENTIN XR.csv,171.0,121.0,50.0
839,KEPPRA.csv,168.0,120.0,48.0
137,ARTHROTEC.csv,167.0,129.0,38.0
944,LORAZEPAM.csv,166.0,110.0,56.0
1175,NORCO.csv,166.0,106.0,60.0
61,ALESSE.csv,166.0,157.0,9.0
1780,VICTOZA.csv,166.0,123.0,43.0
1414,PULMICORT.csv,165.0,74.0,91.0
1139,NASACORT.csv,162.0,102.0,60.0
1475,ROGAINE EXTRA STRENGTH (FOR MEN).csv,159.0,6.0,153.0
504,DIPRIVAN.csv,155.0,105.0,50.0
148,ATENOLOL.csv,154.0,92.0,62.0
144,ATACAND.csv,153.0,78.0,75.0
1542,SPRINTEC.csv,153.0,151.0,2.0
212,BIAXIN XL.csv,152.0,103.0,49.0
1136,NAPROXEN.csv,152.0,116.0,36.0
436,DECADRON.csv,151.0,105.0,46.0
737,HALDOL.csv,150.0,73.0,77.0
1513,SERZONE.csv,145.0,97.0,48.0
532,DURAGESIC-100.csv,145.0,85.0,60.0
1497,SAVELLA.csv,144.0,116.0,28.0
1471,ROBINUL.csv,143.0,90.0,53.0
301,CEPHALEXIN.csv,143.0,115.0,28.0
523,DOXYCYCLINE HYCLATE.csv,141.0,116.0,25.0
475,DIAMOX.csv,140.0,125.0,15.0
199,BENTYL.csv,140.0,107.0,33.0
870,LARIAM.csv,140.0,74.0,66.0
1733,VAGIFEM.csv,139.0,129.0,10.0
1438,RECLAST.csv,138.0,129.0,9.0
1456,RHINOCORT.csv,136.0,88.0,48.0
1451,RETIN-A MICRO.csv,135.0,108.0,27.0
860,LAMICTAL CD.csv,135.0,92.0,43.0
1193,NORTRIPTYLINE HYDROCHLORIDE.csv,134.0,90.0,44.0
145,ATARAX.csv,133.0,88.0,45.0
1249,ORTHO-NOVUM 7_7_7-21.csv,132.0,126.0,6.0
1485,RYTHMOL.csv,130.0,66.0,64.0
1510,SEROQUEL XR.csv,126.0,79.0,47.0
425,DARVOCET-N 50.csv,126.0,79.0,47.0
1556,SUBOXONE.csv,125.0,74.0,51.0
960,LOVENOX (PRESERVATIVE FREE).csv,124.0,99.0,25.0
196,BENICAR HCT.csv,122.0,75.0,47.0
135,AROMASIN.csv,121.0,119.0,2.0
982,MACRODANTIN.csv,121.0,115.0,6.0
1283,PARNATE.csv,120.0,70.0,50.0
1319,PHENERGAN.csv,120.0,91.0,29.0
1529,SONATA.csv,120.0,72.0,48.0
1699,TRIPHASIL-28.csv,119.0,109.0,10.0
923,LO LOESTRIN FE.csv,119.0,116.0,3.0
1224,OMNICEF.csv,119.0,93.0,26.0
793,INDERAL LA.csv,118.0,96.0,22.0
170,AYGESTIN.csv,118.0,115.0,3.0
158,AVALIDE.csv,117.0,64.0,53.0
1442,RELPAX.csv,116.0,101.0,15.0
1177,NORDETTE-28.csv,115.0,113.0,2.0
1173,NOLVADEX.csv,113.0,103.0,10.0
1052,MEVACOR.csv,113.0,64.0,49.0
1202,NUCYNTA.csv,113.0,77.0,36.0
1701,TRIVORA-21.csv,113.0,107.0,6.0
30,ACYCLOVIR.csv,112.0,88.0,24.0
108,ANAFRANIL.csv,112.0,46.0,66.0
469,DEXEDRINE.csv,112.0,58.0,54.0
1063,MICROGESTIN FE 1_20.csv,111.0,108.0,3.0
57,ALDACTONE.csv,110.0,100.0,10.0
1495,SAPHRIS.csv,109.0,65.0,44.0
930,LOESTRIN 24 FE.csv,107.0,107.0,0.0
1244,ORTHO-CEPT.csv,107.0,107.0,0.0
1137,NARDIL.csv,105.0,47.0,58.0
970,LUPRON DEPOT-3.csv,104.0,91.0,13.0
1540,SPIRONOLACTONE.csv,100.0,90.0,10.0
159,AVANDIA.csv,99.0,54.0,45.0
1307,PERIDEX.csv,99.0,76.0,23.0
1107,MORPHINE SULFATE.csv,98.0,51.0,47.0
449,DEPAKOTE.csv,96.0,65.0,31.0
783,IMIPRAMINE HCL.csv,96.0,48.0,48.0
1109,MOTRIN.csv,93.0,65.0,28.0
1597,TAXOL.csv,93.0,89.0,4.0
272,CARDIZEM CD.csv,92.0,61.0,31.0
760,HYDREA.csv,92.0,59.0,33.0
23,ACTIQ.csv,90.0,55.0,35.0
374,COMBIPATCH.csv,87.0,84.0,3.0
443,DEMEROL.csv,86.0,58.0,28.0
1810,XALATAN.csv,86.0,48.0,38.0
294,CEFZIL.csv,86.0,60.0,26.0
1381,PROLIA.csv,85.0,77.0,8.0
470,DEXILANT.csv,85.0,55.0,30.0
1257,OVCON-50.csv,85.0,82.0,3.0
1134,NAPROSYN.csv,84.0,58.0,26.0
1798,VOLTAREN.csv,83.0,55.0,28.0
697,GABITRIL.csv,82.0,47.0,35.0
1506,SEPTRA.csv,81.0,62.0,19.0
1518,SINEMET.csv,80.0,41.0,39.0
1779,VICOPROFEN.csv,79.0,48.0,31.0
45,ADVIL.csv,78.0,57.0,21.0
1787,VIOXX.csv,78.0,55.0,23.0
1840,ZONEGRAN.csv,77.0,67.0,10.0
1526,SOLU-MEDROL.csv,77.0,65.0,12.0
176,AZITHROMYCIN.csv,76.0,55.0,21.0
824,JANUVIA.csv,75.0,45.0,30.0
181,BACLOFEN.csv,75.0,55.0,20.0
929,LOESTRIN 21 1_20.csv,75.0,72.0,3.0
1499,SEASONIQUE.csv,74.0,73.0,1.0
1616,TENUATE DOSPAN.csv,73.0,64.0,9.0
1795,VIVELLE-DOT.csv,72.0,70.0,2.0
655,FIORINAL W_CODEINE NO 3.csv,72.0,54.0,18.0
1044,METOPROLOL TARTRATE.csv,70.0,37.0,33.0
1440,RELAFEN.csv,70.0,52.0,18.0
869,LANTUS.csv,70.0,39.0,31.0
938,LOPRESSOR.csv,69.0,37.0,32.0
1199,NUBAIN.csv,69.0,48.0,21.0
1559,SUDAFED 12 HOUR.csv,68.0,49.0,19.0
1830,ZOFRAN ODT.csv,68.0,58.0,10.0
283,CATAPRES.csv,68.0,46.0,22.0
1469,ROBAXIN.csv,67.0,49.0,18.0
1015,MESTINON.csv,67.0,47.0,20.0
762,HYDROCODONE BITARTRATE AND ACETAMINOPHEN.csv,66.0,35.0,31.0
1622,TESSALON.csv,66.0,46.0,20.0
1544,STADOL.csv,66.0,59.0,7.0
1811,XANAX XR.csv,65.0,37.0,28.0
292,CEFTIN.csv,62.0,52.0,10.0
35,ADDERALL XR 10.csv,62.0,41.0,21.0
872,LASIX.csv,61.0,38.0,23.0
1010,MEPERGAN.csv,61.0,40.0,21.0
911,LIDODERM.csv,60.0,42.0,18.0
1769,VESICARE.csv,59.0,52.0,7.0
492,DILANTIN-125.csv,59.0,27.0,32.0
1427,QVAR 80.csv,59.0,36.0,23.0
265,CARAFATE.csv,59.0,47.0,12.0
88,AMERGE.csv,58.0,48.0,10.0
1078,MINOCIN.csv,58.0,47.0,11.0
1760,VERAMYST.csv,58.0,43.0,15.0
237,BUPROPION HCL.csv,58.0,50.0,8.0
179,AZOR.csv,57.0,30.0,27.0
1071,MIFEPREX.csv,57.0,54.0,3.0
444,DEMULEN 1_35-28.csv,57.0,54.0,3.0
1587,TAMBOCOR.csv,57.0,28.0,29.0
889,LEVLITE.csv,56.0,53.0,3.0
1297,PENTASA.csv,56.0,32.0,24.0
494,DILAUDID-HP.csv,56.0,43.0,13.0
896,LEVORA 0.15_30-28.csv,56.0,55.0,1.0
1802,VYTORIN.csv,55.0,22.0,33.0
654,FIORICET.csv,55.0,45.0,10.0
1804,WARFARIN SODIUM.csv,55.0,42.0,13.0
1320,PHENTERMINE HYDROCHLORIDE.csv,55.0,42.0,13.0
1302,PEPCID.csv,54.0,41.0,13.0
1473,ROCEPHIN.csv,54.0,47.0,7.0
696,GABAPENTIN.csv,54.0,40.0,14.0
569,EMSAM.csv,53.0,37.0,16.0
718,GLUCOPHAGE XR.csv,52.0,43.0,9.0
736,HALCION.csv,52.0,30.0,22.0
1191,NORPLANT SYSTEM.csv,51.0,50.0,1.0
1282,PARLODEL.csv,51.0,43.0,8.0
848,KLONOPIN RAPIDLY DISINTEGRATING.csv,51.0,32.0,19.0
515,DOLOPHINE HYDROCHLORIDE.csv,51.0,15.0,36.0
1022,METHADOSE.csv,50.0,29.0,21.0
339,CLEOCIN HYDROCHLORIDE.csv,50.0,37.0,13.0
376,COMBIVIR.csv,49.0,22.0,27.0
1602,TEGRETOL-XR.csv,49.0,29.0,20.0
1805,WELCHOL.csv,49.0,27.0,22.0
847,KLARON.csv,48.0,37.0,11.0
1095,MONISTAT 1 COMBINATION PACK.csv,48.0,45.0,3.0
1775,VIBRAMYCIN.csv,48.0,29.0,19.0
798,INDOCIN.csv,47.0,19.0,28.0
686,FORTEO.csv,47.0,40.0,7.0
114,ANDROGEL.csv,47.0,2.0,45.0
536,DYAZIDE.csv,47.0,33.0,14.0
1541,SPORANOX.csv,47.0,25.0,22.0
888,LEVITRA.csv,46.0,0.0,46.0
1519,SINEQUAN.csv,46.0,31.0,15.0
298,CELLCEPT.csv,46.0,38.0,8.0
1723,UNISOM.csv,46.0,33.0,13.0
656,FIORINAL.csv,45.0,35.0,10.0
1605,TEKTURNA.csv,45.0,29.0,16.0
1405,PROVENTIL-HFA.csv,44.0,30.0,14.0
320,CIPRO HC.csv,44.0,38.0,6.0
365,CLOZARIL.csv,44.0,19.0,25.0
653,FIORICET W_ CODEINE.csv,43.0,35.0,8.0
1759,VENTOLIN.csv,43.0,27.0,16.0
119,ANTIVERT.csv,43.0,27.0,16.0
1138,NASACORT AQ.csv,42.0,24.0,18.0
1665,TRAMADOL HYDROCHLORIDE.csv,42.0,29.0,13.0
1114,MUCINEX.csv,42.0,33.0,9.0
75,ALPRAZOLAM.csv,42.0,29.0,13.0
389,CORGARD.csv,41.0,29.0,12.0
1399,PROSCAR.csv,40.0,2.0,38.0
1761,VERAPAMIL HCL.csv,40.0,27.0,13.0
921,LITHOBID.csv,40.0,34.0,6.0
1003,MEGACE.csv,40.0,36.0,4.0
1653,TOPAMAX SPRINKLE.csv,39.0,35.0,4.0
37,ADIPEX-P.csv,39.0,33.0,6.0
94,AMITRIPTYLINE HCL.csv,39.0,30.0,9.0
1713,TYLENOL.csv,38.0,24.0,14.0
103,AMOXIL.csv,38.0,26.0,12.0
1777,VICODIN HP.csv,38.0,28.0,10.0
509,DITROPAN XL.csv,38.0,31.0,7.0
756,HYCODAN.csv,38.0,25.0,13.0
358,CLONIDINE HCL.csv,38.0,23.0,15.0
1465,RITALIN-SR.csv,38.0,18.0,20.0
994,MAXZIDE.csv,38.0,27.0,11.0
1776,VICODIN ES.csv,37.0,24.0,13.0
1586,TALWIN.csv,37.0,25.0,12.0
1813,XARELTO.csv,37.0,29.0,8.0
1508,SEREVENT.csv,37.0,22.0,15.0
936,LOPID.csv,37.0,16.0,21.0
276,CARDURA.csv,37.0,9.0,28.0
440,DELTASONE.csv,36.0,18.0,18.0
93,AMITIZA.csv,36.0,33.0,3.0
630,FAMVIR.csv,36.0,22.0,14.0
7,ACCUPRIL.csv,36.0,15.0,21.0
1361,PREVPAC.csv,35.0,29.0,6.0
986,MARINOL.csv,35.0,11.0,24.0
808,INVEGA SUSTENNA.csv,35.0,11.0,24.0
450,DEPO-MEDROL.csv,35.0,29.0,6.0
1831,ZOFRAN.csv,35.0,27.0,8.0
905,LIBRIUM.csv,35.0,10.0,25.0
1712,TYLENOL W_ CODEINE.csv,34.0,25.0,9.0
252,CALAN.csv,34.0,15.0,19.0
1822,ZIAC.csv,34.0,15.0,19.0
1380,PROGRAF.csv,33.0,20.0,13.0
1394,PROPOFOL.csv,33.0,24.0,9.0
1334,PLENDIL.csv,33.0,18.0,15.0
900,LEVOXYL.csv,33.0,28.0,5.0
391,CORTEF.csv,32.0,26.0,6.0
1268,OXYCODONE AND ACETAMINOPHEN.csv,32.0,18.0,14.0
933,LOMOTIL.csv,32.0,20.0,12.0
427,DARVON-N.csv,32.0,11.0,21.0
603,ESTRACE.csv,31.0,31.0,0.0
1751,VASOTEC.csv,31.0,17.0,14.0
924,LO_OVRAL-28.csv,31.0,30.0,1.0
1632,THORAZINE.csv,30.0,15.0,15.0
180,AZULFIDINE.csv,30.0,16.0,14.0
650,FETZIMA.csv,30.0,20.0,10.0
156,AUGMENTIN '250'.csv,30.0,21.0,9.0
1336,PONSTEL.csv,30.0,27.0,3.0
1355,PREMPRO.csv,29.0,29.0,0.0
1530,SORIATANE.csv,29.0,20.0,9.0
927,LODINE.csv,28.0,16.0,12.0
1434,RAPAFLO.csv,28.0,1.0,27.0
692,FROVA.csv,28.0,26.0,2.0
1797,VOLTAREN-XR.csv,28.0,12.0,16.0
1287,PATANOL.csv,28.0,19.0,9.0
405,CRYSELLE.csv,28.0,28.0,0.0
1571,SUSTIVA.csv,28.0,1.0,27.0
1785,VIMPAT.csv,28.0,20.0,8.0
1362,PRILOSEC OTC.csv,28.0,19.0,9.0
774,HYTRIN.csv,28.0,1.0,27.0
1209,NYSTATIN AND TRIAMCINOLONE ACETONIDE.csv,28.0,27.0,1.0
790,INAPSINE.csv,28.0,21.0,7.0
1222,OMEPRAZOLE.csv,28.0,16.0,12.0
1613,TENEX.csv,27.0,14.0,13.0
85,AMARYL.csv,27.0,11.0,16.0
753,HUMIRA.csv,27.0,17.0,10.0
165,AVODART.csv,27.0,0.0,27.0
1149,NEORAL.csv,27.0,17.0,10.0
1423,QUESTRAN.csv,27.0,18.0,9.0
1618,TEQUIN.csv,27.0,21.0,6.0
953,LOTENSIN.csv,27.0,13.0,14.0
477,DIAZEPAM.csv,27.0,11.0,16.0
86,AMBIEN CR.csv,26.0,19.0,7.0
300,CENESTIN.csv,26.0,26.0,0.0
1373,PROCARDIA XL.csv,26.0,21.0,5.0
1056,MIACALCIN.csv,26.0,24.0,2.0
1594,TARKA.csv,26.0,14.0,12.0
635,FELDENE.csv,25.0,19.0,6.0
605,ESTRADIOL.csv,25.0,22.0,3.0
456,DESIPRAMINE HCL.csv,25.0,18.0,7.0
1537,SPIRIVA.csv,25.0,19.0,6.0
1131,NALTREXONE HCL.csv,25.0,13.0,12.0
1480,ROXICODONE.csv,25.0,15.0,10.0
617,EVOXAC.csv,25.0,24.0,1.0
1062,MICROGESTIN FE 1.5_30.csv,25.0,24.0,1.0
666,FLORINEF.csv,25.0,19.0,6.0
979,LYSTEDA.csv,24.0,24.0,0.0
1743,VANCOCIN HYDROCHLORIDE.csv,24.0,20.0,4.0
1181,NORFLEX.csv,24.0,16.0,8.0
989,MAVIK.csv,24.0,13.0,11.0
419,D.H.E. 45.csv,24.0,20.0,4.0
1068,MIDAZOLAM HCL.csv,24.0,13.0,11.0
334,CLARITIN REDITABS.csv,24.0,14.0,10.0
113,ANDRODERM.csv,24.0,0.0,24.0
1413,PULMICORT RESPULES.csv,24.0,11.0,13.0
1729,UROXATRAL.csv,24.0,2.0,22.0
190,BECONASE.csv,23.0,15.0,8.0
386,CORDARONE.csv,23.0,3.0,20.0
681,FOCALIN.csv,23.0,11.0,12.0
787,IMODIUM.csv,23.0,14.0,9.0
856,LABETALOL HCL.csv,23.0,12.0,11.0
806,INTUNIV.csv,23.0,8.0,15.0
366,COGENTIN.csv,22.0,12.0,10.0
209,BETAPACE.csv,22.0,5.0,17.0
223,BOTOX COSMETIC.csv,22.0,18.0,4.0
1141,NASAREL.csv,22.0,12.0,10.0
1317,PHENERGAN W_ CODEINE.csv,22.0,16.0,6.0
466,DETROL.csv,22.0,19.0,3.0
827,JUNEL FE 1.5_30.csv,22.0,21.0,1.0
1668,TRANXENE SD.csv,22.0,15.0,7.0
1547,STELAZINE.csv,22.0,10.0,12.0
837,KENALOG.csv,22.0,14.0,8.0
21,ACTEMRA.csv,21.0,16.0,5.0
573,ENDEP.csv,21.0,14.0,7.0
1844,ZOVIA 1_35E-28.csv,21.0,19.0,2.0
1299,PEPCID AC.csv,21.0,14.0,7.0
329,CITALOPRAM HYDROBROMIDE.csv,21.0,15.0,6.0
646,FENTANYL.csv,21.0,15.0,6.0
106,AMRIX.csv,21.0,17.0,4.0
1029,METHOTREXATE.csv,20.0,11.0,9.0
1047,METROGEL.csv,20.0,16.0,4.0
594,ERYTHROCIN.csv,19.0,16.0,3.0
229,BRILINTA.csv,19.0,10.0,9.0
918,LISINOPRIL AND HYDROCHLOROTHIAZIDE.csv,19.0,10.0,9.0
1331,PLAN B.csv,19.0,19.0,0.0
242,"BUTALBITAL, ACETAMINOPHEN AND CAFFEINE.csv",19.0,13.0,6.0
1637,TIKOSYN.csv,19.0,14.0,5.0
412,CYKLOKAPRON.csv,19.0,18.0,1.0
812,IONAMIN.csv,19.0,16.0,3.0
1239,ORENCIA.csv,18.0,11.0,7.0
904,LIALDA.csv,18.0,17.0,1.0
1507,SERAX.csv,18.0,9.0,9.0
620,EXELON.csv,18.0,9.0,9.0
433,DDAVP.csv,18.0,10.0,8.0
1650,TOFRANIL.csv,18.0,11.0,7.0
49,AGGRENOX.csv,18.0,6.0,12.0
142,ASTEPRO.csv,18.0,11.0,7.0
659,FLAGYL I.V..csv,18.0,14.0,4.0
1350,PREDNISONE INTENSOL.csv,18.0,10.0,8.0
530,DULERA.csv,17.0,14.0,3.0
421,DALMANE.csv,17.0,10.0,7.0
554,EFFIENT.csv,17.0,7.0,10.0
778,IBUPROFEN.csv,17.0,11.0,6.0
1169,NITROFURANTOIN.csv,17.0,13.0,4.0
1397,PROPRANOLOL HCL.csv,17.0,16.0,1.0
1344,PRAVASTATIN SODIUM.csv,17.0,12.0,5.0
1608,TEMAZEPAM.csv,17.0,10.0,7.0
1230,OPANA ER.csv,17.0,11.0,6.0
1560,SULAR.csv,17.0,10.0,7.0
1145,NAVANE.csv,17.0,7.0,10.0
1818,XOPENEX.csv,17.0,11.0,6.0
1110,MOVIPREP.csv,17.0,10.0,7.0
519,DOVONEX.csv,17.0,7.0,10.0
129,AREDIA.csv,17.0,13.0,4.0
43,ADVIL LIQUI-GELS.csv,17.0,14.0,3.0
136,ARTANE.csv,17.0,9.0,8.0
713,GILENYA.csv,17.0,15.0,2.0
1683,TRIAMTERENE AND HYDROCHLOROTHIAZIDE.csv,16.0,8.0,8.0
1406,PROVENTIL.csv,16.0,10.0,6.0
565,ELOCON.csv,16.0,11.0,5.0
447,DEPAKENE.csv,16.0,9.0,7.0
463,DESOXYN.csv,16.0,8.0,8.0
720,GLUCOTROL XL.csv,16.0,6.0,10.0
1192,NORPRAMIN.csv,16.0,6.0,10.0
922,LIVALO.csv,16.0,9.0,7.0
879,LESCOL XL.csv,16.0,8.0,8.0
368,COLAZAL.csv,16.0,11.0,5.0
985,MALARONE.csv,16.0,7.0,9.0
1461,RISPERDAL CONSTA.csv,16.0,5.0,11.0
1857,ZYPREXA ZYDIS.csv,16.0,8.0,8.0
1115,MULTAQ.csv,16.0,8.0,8.0
65,ALLEGRA D 24 HOUR ALLERGY AND CONGESTION.csv,16.0,14.0,2.0
1677,TREXIMET.csv,15.0,12.0,3.0
1125,MYSOLINE.csv,15.0,8.0,7.0
1335,PLETAL.csv,15.0,8.0,7.0
178,AZOPT.csv,15.0,8.0,7.0
1691,TRILIPIX.csv,15.0,5.0,10.0
562,ELIQUIS.csv,15.0,7.0,8.0
555,EFUDEX.csv,15.0,8.0,7.0
959,LOVAZA.csv,15.0,7.0,8.0
153,ATROVENT.csv,15.0,10.0,5.0
1105,MONOPRIL.csv,15.0,5.0,10.0
1057,MICARDIS HCT.csv,14.0,9.0,5.0
601,ESKALITH CR.csv,14.0,10.0,4.0
950,LOSEASONIQUE.csv,14.0,14.0,0.0
32,ADALAT CC.csv,14.0,9.0,5.0
1794,VIVACTIL.csv,14.0,6.0,8.0
771,HYDROXYZINE HCL.csv,14.0,10.0,4.0
899,LEVOTHYROXINE SODIUM.csv,14.0,11.0,3.0
56,ALBUTEROL.csv,14.0,12.0,2.0
1796,VIVELLE.csv,14.0,12.0,2.0
430,DAYPRO.csv,14.0,11.0,3.0
255,CAMILA.csv,14.0,14.0,0.0
1711,TYLENOL W_ CODEINE NO. 1.csv,14.0,7.0,7.0
1368,PRO-BANTHINE.csv,14.0,7.0,7.0
375,COMBIVENT.csv,14.0,7.0,7.0
1626,TETRACYCLINE HYDROCHLORIDE.csv,14.0,9.0,5.0
1718,ULTRACET.csv,14.0,10.0,4.0
1515,SIMPONI.csv,13.0,9.0,4.0
109,ANAPROX.csv,13.0,11.0,2.0
310,CHLOR-TRIMETON.csv,13.0,9.0,4.0
1079,MINOCYCLINE HCL.csv,13.0,10.0,3.0
1488,SALAGEN.csv,13.0,11.0,2.0
143,ATACAND HCT.csv,13.0,6.0,7.0
1042,METOPROLOL SUCCINATE.csv,13.0,7.0,6.0
1846,ZOVIRAX.csv,13.0,3.0,10.0
1020,METHADONE HYDROCHLORIDE INTENSOL.csv,13.0,7.0,6.0
188,BAYCOL.csv,13.0,9.0,4.0
1306,PERIACTIN.csv,13.0,7.0,6.0
1128,NADOLOL.csv,13.0,9.0,4.0
1132,NAMENDA.csv,13.0,6.0,7.0
1557,SUBUTEX.csv,13.0,8.0,5.0
1463,RISPERIDONE.csv,13.0,5.0,8.0
1357,PREVACID 24 HR.csv,13.0,8.0,5.0
281,CATAFLAM.csv,12.0,8.0,4.0
1349,PREDNISOLONE.csv,12.0,7.0,5.0
483,DICYCLOMINE HCL.csv,12.0,9.0,3.0
1036,METHYLPREDNISOLONE.csv,12.0,10.0,2.0
1101,MONISTAT-3 COMBINATION PACK.csv,12.0,12.0,0.0
1271,OXYCODONE HYDROCHLORIDE.csv,12.0,4.0,8.0
722,GLUCOVANCE.csv,12.0,7.0,5.0
1019,METFORMIN HYDROCHLORIDE.csv,12.0,8.0,4.0
1443,REMERON SOLTAB.csv,12.0,4.0,8.0
1643,TINDAMAX.csv,12.0,12.0,0.0
1649,TOFRANIL-PM.csv,12.0,10.0,2.0
1452,RETIN-A.csv,12.0,11.0,1.0
373,COMBIGAN.csv,12.0,6.0,6.0
267,CARBATROL.csv,12.0,9.0,3.0
152,ATRIPLA.csv,12.0,0.0,12.0
1254,OSPHENA.csv,12.0,12.0,0.0
1255,OTEZLA.csv,12.0,9.0,3.0
1570,SURMONTIL.csv,12.0,4.0,8.0
1817,XIFAXAN.csv,11.0,9.0,2.0
409,CYCLOBENZAPRINE HCL.csv,11.0,4.0,7.0
250,CAFERGOT.csv,11.0,9.0,2.0
1477,ROWASA.csv,11.0,9.0,2.0
1329,PLACIDYL.csv,11.0,4.0,7.0
399,COVERA-HS.csv,11.0,6.0,5.0
418,CYTOXAN.csv,11.0,9.0,2.0
517,DORYX.csv,11.0,10.0,1.0
341,CLEOCIN.csv,11.0,11.0,0.0
1168,NITROFURANTOIN (MONOHYDRATE_MACROCRYSTALS).csv,11.0,11.0,0.0
1188,NOROXIN.csv,11.0,8.0,3.0
766,HYDRODIURIL.csv,11.0,3.0,8.0
1689,TRILAFON.csv,11.0,6.0,5.0
282,CATAPRES-TTS-1.csv,11.0,8.0,3.0
442,DEMADEX.csv,11.0,8.0,3.0
830,KARIVA.csv,11.0,11.0,0.0
1494,SANSERT.csv,11.0,7.0,4.0
1836,ZOMETA.csv,11.0,11.0,0.0
1140,NASALCROM.csv,11.0,10.0,1.0
166,AVONEX.csv,11.0,8.0,3.0
1223,OMNARIS.csv,11.0,3.0,8.0
623,EXFORGE.csv,11.0,5.0,6.0
81,ALVESCO.csv,10.0,5.0,5.0
570,ENABLEX.csv,10.0,7.0,3.0
481,DICLOFENAC SODIUM.csv,10.0,7.0,3.0
677,FLUTICASONE PROPIONATE.csv,10.0,6.0,4.0
238,BUPROPION HYDROCHLORIDE.csv,10.0,5.0,5.0
1627,TEVETEN.csv,10.0,3.0,7.0
1236,ORAMORPH SR.csv,10.0,5.0,5.0
177,AZMACORT.csv,10.0,8.0,2.0
1174,NOR-QD.csv,10.0,10.0,0.0
1623,TESTIM.csv,10.0,0.0,10.0
669,FLOVENT HFA.csv,10.0,5.0,5.0
92,AMIODARONE HCL.csv,10.0,3.0,7.0
1133,NAPRELAN.csv,10.0,5.0,5.0
1589,TAMOXIFEN CITRATE.csv,10.0,9.0,1.0
616,EVAMIST.csv,10.0,10.0,0.0
163,AVINZA.csv,10.0,4.0,6.0
1198,NOVOLOG.csv,10.0,6.0,4.0
1210,NYSTATIN.csv,10.0,6.0,4.0
1724,UNITHROID.csv,10.0,10.0,0.0
914,LINZESS.csv,10.0,7.0,3.0
275,CARDIZEM.csv,10.0,8.0,2.0
1278,PANTOPRAZOLE SODIUM.csv,10.0,9.0,1.0
990,MAXAIR.csv,10.0,2.0,8.0
1269,OXYCODONE AND ASPIRIN.csv,10.0,3.0,7.0
1072,MIGRANAL.csv,9.0,8.0,1.0
446,DEPACON.csv,9.0,6.0,3.0
1815,XELODA.csv,9.0,7.0,2.0
1398,PROPYLTHIOURACIL.csv,9.0,8.0,1.0
434,DECA-DURABOLIN.csv,9.0,0.0,9.0
957,LOTRONEX.csv,9.0,8.0,1.0
571,ENALAPRIL MALEATE.csv,9.0,1.0,8.0
245,BYDUREON.csv,9.0,5.0,4.0
602,ESKALITH.csv,9.0,6.0,3.0
964,LOZOL.csv,9.0,7.0,2.0
868,LANOXIN.csv,9.0,7.0,2.0
782,IMDUR.csv,9.0,4.0,5.0
961,LOW-OGESTREL-21.csv,9.0,8.0,1.0
779,ILOSONE.csv,9.0,8.0,1.0
1635,TIAZAC.csv,9.0,3.0,6.0
55,ALBUTEROL SULFATE.csv,9.0,6.0,3.0
1157,NIACIN.csv,9.0,3.0,6.0
321,CIPRO IN DEXTROSE 5% IN PLASTIC CONTAINER.csv,9.0,4.0,5.0
1453,REVIA.csv,9.0,5.0,4.0
468,DEXAMETHASONE.csv,9.0,6.0,3.0
1505,SEPTOCAINE.csv,9.0,7.0,2.0
1793,VITAMIN D.csv,9.0,8.0,1.0
1340,PRADAXA.csv,9.0,2.0,7.0
370,COLCRYS.csv,9.0,3.0,6.0
1579,SYNAREL.csv,9.0,9.0,0.0
811,INVOKANA.csv,9.0,3.0,6.0
647,FENTORA.csv,9.0,7.0,2.0
680,FOCALIN XR.csv,9.0,4.0,5.0
278,CARTIA XT.csv,9.0,4.0,5.0
915,LIORESAL.csv,9.0,7.0,2.0
683,FOLLISTIM.csv,9.0,9.0,0.0
74,ALPHAGAN.csv,9.0,6.0,3.0
524,DOXYCYCLINE.csv,9.0,9.0,0.0
193,BELVIQ.csv,8.0,4.0,4.0
750,HUMALOG.csv,8.0,3.0,5.0
1744,VANCOMYCIN HCL.csv,8.0,5.0,3.0
1714,TYLOX.csv,8.0,5.0,3.0
1277,PAMINE.csv,8.0,6.0,2.0
1435,RAPAMUNE.csv,8.0,6.0,2.0
772,HYDROXYZINE PAMOATE.csv,8.0,5.0,3.0
1286,PATANASE.csv,8.0,4.0,4.0
1437,REBETOL.csv,8.0,4.0,4.0
1304,PERCODAN-DEMI.csv,8.0,2.0,6.0
1679,TRI-NORINYL 21-DAY.csv,8.0,8.0,0.0
639,FEMHRT.csv,8.0,7.0,1.0
1164,NIFEDIPINE.csv,8.0,7.0,1.0
974,LUVOX CR.csv,8.0,7.0,1.0
280,CASODEX.csv,8.0,0.0,8.0
453,DEPO-TESTOSTERONE.csv,8.0,1.0,7.0
948,LOSARTAN POTASSIUM AND HYDROCHLOROTHIAZIDE.csv,8.0,5.0,3.0
679,FML.csv,8.0,7.0,1.0
920,LITHIUM CITRATE.csv,8.0,5.0,3.0
1531,SOTALOL HCL.csv,8.0,3.0,5.0
256,CAMPRAL.csv,8.0,4.0,4.0
102,AMOXICILLIN AND CLAVULANATE POTASSIUM.csv,8.0,7.0,1.0
674,FLUOROURACIL.csv,8.0,3.0,5.0
1855,ZYLOPRIM.csv,8.0,3.0,5.0
68,ALLI.csv,8.0,6.0,2.0
222,BONTRIL.csv,8.0,6.0,2.0
1636,TIGAN.csv,8.0,7.0,1.0
424,DAPSONE.csv,8.0,6.0,2.0
1564,SULFAMETHOXAZOLE AND TRIMETHOPRIM.csv,7.0,4.0,3.0
348,CLINORIL.csv,7.0,5.0,2.0
41,ADVICOR.csv,7.0,1.0,6.0
42,ADVIL COLD AND SINUS.csv,7.0,6.0,1.0
11,ACEON.csv,7.0,2.0,5.0
1826,ZIPSOR.csv,7.0,3.0,4.0
859,LACTULOSE.csv,7.0,4.0,3.0
1567,SUMAVEL DOSEPRO.csv,7.0,6.0,1.0
1512,SERTRALINE HYDROCHLORIDE.csv,7.0,5.0,2.0
6,ACCOLATE.csv,7.0,6.0,1.0
1491,SANDIMMUNE.csv,7.0,1.0,6.0
1646,TOBRADEX.csv,7.0,5.0,2.0
967,LUMIGAN.csv,7.0,6.0,1.0
823,JANUMET.csv,7.0,3.0,4.0
1517,SINEMET CR.csv,7.0,6.0,1.0
866,LAMOTRIGINE.csv,7.0,6.0,1.0
895,LEVORA 0.15_30-21.csv,7.0,7.0,0.0
340,CLEOCIN T.csv,7.0,6.0,1.0
1524,SOLODYN.csv,7.0,6.0,1.0
296,CELESTONE.csv,7.0,6.0,1.0
1479,ROXICET.csv,7.0,5.0,2.0
1201,NUCYNTA ER.csv,7.0,4.0,3.0
372,COLYTE.csv,7.0,5.0,2.0
1433,RANITIDINE.csv,7.0,4.0,3.0
1412,PULMICORT FLEXHALER.csv,7.0,5.0,2.0
1067,MICROZIDE.csv,7.0,5.0,2.0
1076,MINIPRESS.csv,7.0,2.0,5.0
1383,PROLIXIN.csv,7.0,1.0,6.0
671,FLOXIN.csv,7.0,1.0,6.0
496,DILTIAZEM HCL.csv,7.0,4.0,3.0
651,FINACEA.csv,7.0,5.0,2.0
1135,NAPROXEN SODIUM.csv,7.0,5.0,2.0
122,APLENZIN.csv,7.0,3.0,4.0
537,DYMISTA.csv,7.0,6.0,1.0
244,BUTRANS.csv,7.0,4.0,3.0
1755,VENLAFAXINE HYDROCHLORIDE.csv,7.0,5.0,2.0
1180,NORETHINDRONE AND ETHINYL ESTRADIOL.csv,7.0,7.0,0.0
600,ESIDRIX.csv,7.0,5.0,2.0
1182,NORGESIC.csv,7.0,5.0,2.0
1422,QUESTRAN LIGHT.csv,7.0,5.0,2.0
1591,TAPAZOLE.csv,7.0,6.0,1.0
721,GLUCOTROL.csv,7.0,4.0,3.0
1764,VERELAN PM.csv,7.0,4.0,3.0
995,MECLIZINE HCL.csv,7.0,5.0,2.0
988,MARPLAN.csv,7.0,3.0,4.0
1034,METHYLPHENIDATE HCL.csv,7.0,3.0,4.0
912,LIMBITROL.csv,6.0,4.0,2.0
539,DYNACIRC CR.csv,6.0,5.0,1.0
48,AFRINOL.csv,6.0,4.0,2.0
1295,PENLAC.csv,6.0,3.0,3.0
1598,TAXOTERE.csv,6.0,6.0,0.0
1005,MELLARIL-S.csv,6.0,4.0,2.0
84,AMANTADINE HCL.csv,6.0,1.0,5.0
126,ARALEN.csv,6.0,3.0,3.0
835,KENALOG-10.csv,6.0,5.0,1.0
1345,PRAZOSIN HCL.csv,6.0,5.0,1.0
1431,RANITIDINE HCL.csv,6.0,4.0,2.0
1601,TECFIDERA.csv,6.0,5.0,1.0
287,CEFACLOR.csv,6.0,1.0,5.0
631,FANAPT.csv,6.0,4.0,2.0
1575,SYMBYAX.csv,6.0,5.0,1.0
1842,ZORVOLEX.csv,6.0,4.0,2.0
155,AUGMENTIN '125'.csv,6.0,5.0,1.0
843,KETEK.csv,6.0,4.0,2.0
194,BENADRYL PRESERVATIVE FREE.csv,6.0,4.0,2.0
1251,ORUDIS.csv,6.0,1.0,5.0
1585,TALWIN NX.csv,6.0,5.0,1.0
611,ETHMOZINE.csv,6.0,4.0,2.0
1656,TOPIRAMATE.csv,6.0,6.0,0.0
202,BENZAMYCIN.csv,6.0,4.0,2.0
1235,ORACEA.csv,6.0,4.0,2.0
254,CAMBIA.csv,6.0,5.0,1.0
360,CLONIDINE.csv,6.0,4.0,2.0
579,ENTOCORT EC.csv,6.0,4.0,2.0
105,AMPYRA.csv,6.0,1.0,5.0
50,AGRYLIN.csv,6.0,4.0,2.0
147,ATENOLOL AND CHLORTHALIDONE.csv,6.0,3.0,3.0
1074,MINASTRIN 24 FE.csv,6.0,6.0,0.0
1088,MIRTAZAPINE.csv,6.0,5.0,1.0
949,LOSARTAN POTASSIUM.csv,6.0,5.0,1.0
439,DELSYM.csv,6.0,3.0,3.0
728,GONAL-F.csv,6.0,6.0,0.0
325,CIPROFLOXACIN HYDROCHLORIDE.csv,6.0,3.0,3.0
432,DAYTRANA.csv,6.0,0.0,6.0
1500,SECONAL SODIUM.csv,6.0,2.0,4.0
1501,SECTRAL.csv,6.0,4.0,2.0
952,LOTENSIN HCT.csv,6.0,3.0,3.0
1821,ZETONNA.csv,6.0,5.0,1.0
182,BACTRIM PEDIATRIC.csv,6.0,4.0,2.0
422,DANAZOL.csv,6.0,6.0,0.0
417,CYTOTEC.csv,6.0,6.0,0.0
956,LOTRISONE.csv,6.0,3.0,3.0
1416,PYLERA.csv,6.0,4.0,2.0
22,ACTIGALL.csv,6.0,1.0,5.0
332,CLARINEX.csv,6.0,3.0,3.0
1260,OVRAL-28.csv,5.0,4.0,1.0
1229,ONGLYZA.csv,5.0,3.0,2.0
1695,TRIMETHOPRIM.csv,5.0,2.0,3.0
1484,RYTHMOL SR.csv,5.0,3.0,2.0
1186,NORITATE.csv,5.0,3.0,2.0
1228,ONFI.csv,5.0,3.0,2.0
1698,TRIPHASIL-21.csv,5.0,5.0,0.0
886,LEVEMIR.csv,5.0,2.0,3.0
1748,VANTIN.csv,5.0,5.0,0.0
1577,SYMMETREL.csv,5.0,2.0,3.0
1366,PRINZIDE.csv,5.0,3.0,2.0
1160,NICODERM CQ.csv,5.0,2.0,3.0
1747,VANIQA.csv,5.0,5.0,0.0
1108,MOTOFEN.csv,5.0,3.0,2.0
1464,RITALIN LA.csv,5.0,4.0,1.0
1096,MONISTAT 3 COMBINATION PACK.csv,5.0,4.0,1.0
1094,MODURETIC 5-50.csv,5.0,3.0,2.0
1093,MODICON 21.csv,5.0,4.0,1.0
1011,MEPRON.csv,5.0,2.0,3.0
1370,PROAMATINE.csv,5.0,5.0,0.0
1661,TOVIAZ.csv,5.0,5.0,0.0
1734,VALACYCLOVIR HYDROCHLORIDE.csv,5.0,5.0,0.0
1706,TRUSOPT.csv,5.0,3.0,2.0
1296,PENNSAID.csv,5.0,2.0,3.0
943,LORAZEPAM INTENSOL.csv,5.0,2.0,3.0
1619,TERAZOL 3.csv,5.0,4.0,1.0
1565,SULINDAC.csv,5.0,4.0,1.0
1080,MINOXIDIL (FOR MEN).csv,5.0,0.0,5.0
1474,ROGAINE (FOR MEN).csv,5.0,0.0,5.0
926,LODINE XL.csv,5.0,3.0,2.0
1609,TEMODAR.csv,5.0,2.0,3.0
1862,ZYVOX.csv,5.0,4.0,1.0
396,COSOPT.csv,5.0,4.0,1.0
527,DUAC.csv,5.0,5.0,0.0
490,DIGOXIN.csv,5.0,1.0,4.0
759,HYDRALAZINE HCL.csv,5.0,4.0,1.0
633,FASLODEX.csv,5.0,5.0,0.0
288,CEFADROXIL.csv,5.0,3.0,2.0
285,CECLOR.csv,5.0,5.0,0.0
632,FARXIGA.csv,5.0,3.0,2.0
840,KERLONE.csv,5.0,4.0,1.0
107,ANADROL-50.csv,5.0,0.0,5.0
168,AXID.csv,5.0,2.0,3.0
138,ASACOL HD.csv,5.0,5.0,0.0
169,AXIRON.csv,5.0,0.0,5.0
172,AZATHIOPRINE.csv,5.0,4.0,1.0
613,ETRAFON 2-25.csv,5.0,1.0,4.0
31,ACZONE.csv,5.0,5.0,0.0
598,ESCITALOPRAM OXALATE.csv,5.0,3.0,2.0
243,"BUTALBITAL, ASPIRIN AND CAFFEINE.csv",5.0,2.0,3.0
732,GYNE-LOTRIMIN 3.csv,5.0,4.0,1.0
581,EPIDUO.csv,5.0,4.0,1.0
38,ADRIAMYCIN PFS.csv,5.0,5.0,0.0
484,DIDREX.csv,5.0,2.0,3.0
855,KYTRIL.csv,5.0,4.0,1.0
123,APRESOLINE.csv,5.0,5.0,0.0
858,LACRISERT.csv,5.0,3.0,2.0
315,CHLORTHALIDONE.csv,5.0,4.0,1.0
704,GEMZAR.csv,5.0,4.0,1.0
649,FERRLECIT.csv,5.0,5.0,0.0
333,CLARITHROMYCIN.csv,5.0,4.0,1.0
331,CLARAVIS.csv,5.0,3.0,2.0
658,FLAGYL I.V. RTU IN PLASTIC CONTAINER.csv,5.0,3.0,2.0
226,BRETHINE.csv,5.0,5.0,0.0
662,FLECAINIDE ACETATE.csv,5.0,4.0,1.0
59,ALDOMET.csv,5.0,5.0,0.0
62,ALEVE COLD AND SINUS.csv,5.0,3.0,2.0
522,DOXY 100.csv,4.0,3.0,1.0
752,HUMATROPE.csv,4.0,3.0,1.0
541,DYRENIUM.csv,4.0,3.0,1.0
751,HUMATIN.csv,4.0,0.0,4.0
60,ALENDRONATE SODIUM.csv,4.0,3.0,1.0
73,ALPHAGAN P.csv,4.0,0.0,4.0
543,E-MYCIN.csv,4.0,2.0,2.0
546,EC-NAPROSYN.csv,4.0,4.0,0.0
1638,TILADE.csv,4.0,3.0,1.0
214,BICILLIN L-A.csv,4.0,3.0,1.0
769,HYDROXYCHLOROQUINE SULFATE.csv,4.0,4.0,0.0
1279,PARAFON FORTE DSC.csv,4.0,4.0,0.0
755,HUMULIN R.csv,4.0,3.0,1.0
1628,THALOMID.csv,4.0,2.0,2.0
1291,PEN-VEE K.csv,4.0,4.0,0.0
1294,PENICILLIN-VK.csv,4.0,4.0,0.0
1311,PERPHENAZINE AND AMITRIPTYLINE HCL.csv,4.0,4.0,0.0
968,LUNELLE.csv,4.0,3.0,1.0
1002,MEGACE ES.csv,4.0,3.0,1.0
514,DOLOBID.csv,4.0,1.0,3.0
520,DOXAZOSIN MESYLATE.csv,4.0,0.0,4.0
1084,MIRAPEX ER.csv,4.0,1.0,3.0
971,LUPRON DEPOT-PED.csv,4.0,3.0,1.0
1644,TIROSINT.csv,4.0,4.0,0.0
862,LAMICTAL XR.csv,4.0,3.0,1.0
740,HALOPERIDOL.csv,4.0,3.0,1.0
1118,MYCELEX.csv,4.0,2.0,2.0
644,FENTANYL-100.csv,4.0,2.0,2.0
709,GENTAMICIN.csv,4.0,2.0,2.0
1716,ULORIC.csv,4.0,2.0,2.0
1719,ULTRAM ER.csv,4.0,2.0,2.0
1124,MYRBETRIQ.csv,4.0,3.0,1.0
1721,ULTRAVATE.csv,4.0,1.0,3.0
1113,MUCINEX DM.csv,4.0,3.0,1.0
110,ANASTROZOLE.csv,4.0,3.0,1.0
701,GAVISCON.csv,4.0,1.0,3.0
1073,MILTOWN.csv,4.0,4.0,0.0
700,GASTROGRAFIN.csv,4.0,4.0,0.0
1730,URSO 250.csv,4.0,4.0,0.0
1738,VALPROIC ACID.csv,4.0,4.0,0.0
1081,MINOXIDIL (FOR WOMEN).csv,4.0,4.0,0.0
638,FEMCON FE.csv,4.0,4.0,0.0
1707,TRUVADA.csv,4.0,2.0,2.0
1006,MELOXICAM.csv,4.0,3.0,1.0
590,ERYC.csv,4.0,3.0,1.0
1234,OPTIVAR.csv,4.0,3.0,1.0
198,BENLYSTA.csv,4.0,4.0,0.0
1663,TRADJENTA.csv,4.0,2.0,2.0
189,BECONASE AQ.csv,4.0,1.0,3.0
95,AMITRIPTYLINE HYDROCHLORIDE.csv,4.0,3.0,1.0
589,ERY-TAB.csv,4.0,4.0,0.0
1675,TRENTAL.csv,4.0,2.0,2.0
1147,NEMBUTAL.csv,4.0,1.0,3.0
958,LOVASTATIN.csv,4.0,1.0,3.0
175,AZILECT.csv,4.0,0.0,4.0
174,AZELEX.csv,4.0,4.0,0.0
608,ESTROGEL.csv,4.0,4.0,0.0
1172,NIZORAL.csv,4.0,4.0,0.0
167,AXERT.csv,4.0,3.0,1.0
1313,PEXEVA.csv,4.0,2.0,2.0
218,BISOPROLOL FUMARATE AND HYDROCHLOROTHIAZIDE.csv,4.0,1.0,3.0
120,ANUSOL HC.csv,4.0,1.0,3.0
1568,SUPRAX.csv,4.0,4.0,0.0
846,KINERET.csv,4.0,3.0,1.0
881,LESSINA-28.csv,4.0,4.0,0.0
1584,TALACEN.csv,4.0,3.0,1.0
1583,TAGAMET.csv,4.0,2.0,2.0
258,CANASA.csv,4.0,2.0,2.0
344,CLINDAGEL.csv,4.0,3.0,1.0
346,CLINDAMYCIN HYDROCHLORIDE.csv,4.0,1.0,3.0
350,CLOBETASOL PROPIONATE.csv,4.0,2.0,2.0
818,ISOSORBIDE MONONITRATE.csv,4.0,2.0,2.0
428,DARVON.csv,4.0,3.0,1.0
1843,ZOVIA 1_35E-21.csv,4.0,3.0,1.0
1369,PROAIR HFA.csv,4.0,3.0,1.0
898,LEVOTHROID.csv,4.0,4.0,0.0
279,CARVEDILOL.csv,4.0,2.0,2.0
1548,STENDRA.csv,4.0,0.0,4.0
1430,RANEXA.csv,4.0,2.0,2.0
825,JUBLIA.csv,4.0,2.0,2.0
1455,REXULTI.csv,4.0,1.0,3.0
910,LIDOCAINE.csv,4.0,2.0,2.0
387,COREG CR.csv,4.0,2.0,2.0
16,ACETAMINOPHEN.csv,4.0,1.0,3.0
392,CORTENEMA.csv,4.0,2.0,2.0
1,ABILIFY MAINTENA KIT.csv,4.0,2.0,2.0
882,LETROZOLE.csv,4.0,4.0,0.0
326,CIPROFLOXACIN IN DEXTROSE 5% IN PLASTIC CONTAINER.csv,4.0,4.0,0.0
236,BUPRENORPHINE HCL.csv,4.0,0.0,4.0
1614,TENORETIC 100.csv,4.0,1.0,3.0
1325,PILOCARPINE HYDROCHLORIDE.csv,4.0,4.0,0.0
1611,TEMOVATE.csv,4.0,2.0,2.0
227,BREVICON 28-DAY.csv,4.0,4.0,0.0
1814,XELJANZ.csv,4.0,1.0,3.0
503,DIPHENHYDRAMINE HCL.csv,4.0,4.0,0.0
1502,SELEGILINE HCL.csv,4.0,2.0,2.0
1342,PRANDIN.csv,4.0,1.0,3.0
945,LORCET-HD.csv,4.0,3.0,1.0
17,ACETAZOLAMIDE.csv,4.0,3.0,1.0
1596,TAVIST.csv,4.0,2.0,2.0
319,CIMZIA.csv,4.0,3.0,1.0
1503,SEMPREX-D.csv,4.0,1.0,3.0
851,KLOR-CON.csv,4.0,2.0,2.0
33,ADALAT.csv,4.0,2.0,2.0
293,CEFUROXIME AXETIL.csv,3.0,3.0,0.0
173,AZELASTINE HYDROCHLORIDE.csv,3.0,2.0,1.0
1447,REPRONEX.csv,3.0,3.0,0.0
304,CESAMET.csv,3.0,1.0,2.0
379,COMTAN.csv,3.0,1.0,2.0
164,AVITA.csv,3.0,3.0,0.0
1516,SIMVASTATIN.csv,3.0,1.0,2.0
688,FORTICAL.csv,3.0,3.0,0.0
1161,NICOLAR.csv,3.0,0.0,3.0
622,EXFORGE HCT.csv,3.0,2.0,1.0
342,CLIMARA PRO.csv,3.0,3.0,0.0
1523,SOLARAZE.csv,3.0,1.0,2.0
1722,UNIRETIC.csv,3.0,2.0,1.0
1725,UNIVASC.csv,3.0,2.0,1.0
1684,TRIAZOLAM.csv,3.0,2.0,1.0
1703,TROKENDI XR.csv,3.0,2.0,1.0
317,CHRONULAC.csv,3.0,1.0,2.0
1731,URSODIOL.csv,3.0,3.0,0.0
364,CLOZAPINE.csv,3.0,1.0,2.0
1467,RITODRINE HCL.csv,3.0,2.0,1.0
1472,ROCALTROL.csv,3.0,3.0,0.0
354,CLOMIPRAMINE HCL.csv,3.0,0.0,3.0
352,CLODERM.csv,3.0,1.0,2.0
641,FENOFIBRATE.csv,3.0,1.0,2.0
140,ASMANEX TWISTHALER.csv,3.0,2.0,1.0
672,FLUCONAZOLE.csv,3.0,3.0,0.0
289,CEFDINIR.csv,3.0,3.0,0.0
347,CLINDAMYCIN PHOSPHATE IN DEXTROSE 5%.csv,3.0,3.0,0.0
1535,SPECTRACEF.csv,3.0,2.0,1.0
1127,NABUMETONE.csv,3.0,3.0,0.0
1100,MONISTAT DUAL- PAK.csv,3.0,3.0,0.0
512,DIVIGEL.csv,3.0,3.0,0.0
1441,RELENZA.csv,3.0,2.0,1.0
1284,PAROXETINE HYDROCHLORIDE.csv,3.0,3.0,0.0
1641,TIMOPTIC-XE.csv,3.0,1.0,2.0
1261,OVRETTE.csv,3.0,2.0,1.0
1263,OXAZEPAM.csv,3.0,2.0,1.0
1273,OXYTETRACYCLINE HCL.csv,3.0,1.0,2.0
253,CALCITONIN-SALMON.csv,3.0,3.0,0.0
1274,OXYTROL.csv,3.0,3.0,0.0
1275,PACERONE.csv,3.0,1.0,2.0
251,CALAN SR.csv,3.0,1.0,2.0
1374,PROCARDIA.csv,3.0,3.0,0.0
471,"DEXTROAMP SACCHARATE, AMP ASPARTATE, DEXTROAMP SULFATE AND AMP SULFATE.csv",3.0,1.0,2.0
1360,PREVIFEM.csv,3.0,3.0,0.0
548,EDARBI.csv,3.0,0.0,3.0
1359,PREVALITE.csv,3.0,2.0,1.0
480,DICLOFENAC POTASSIUM.csv,3.0,3.0,0.0
525,DRISDOL.csv,3.0,2.0,1.0
1300,PEPCID COMPLETE.csv,3.0,2.0,1.0
1604,TEKTURNA HCT.csv,3.0,2.0,1.0
498,DIMENHYDRINATE.csv,3.0,3.0,0.0
1308,PERIOGARD.csv,3.0,1.0,2.0
1312,PERSANTINE.csv,3.0,2.0,1.0
225,BREO ELLIPTA.csv,3.0,1.0,2.0
510,DITROPAN.csv,3.0,3.0,0.0
1259,OVIDREL.csv,3.0,3.0,0.0
549,EDARBYCLOR.csv,3.0,1.0,2.0
1183,NORGESTIMATE AND ETHINYL ESTRADIOL.csv,3.0,3.0,0.0
1217,OLUX.csv,3.0,2.0,1.0
1680,TRI-SPRINTEC.csv,3.0,3.0,0.0
184,BACTROBAN.csv,3.0,3.0,0.0
1189,NORPACE CR.csv,3.0,2.0,1.0
593,ERYTHROCIN STEARATE.csv,3.0,1.0,2.0
1673,TRAZODONE HYDROCHLORIDE.csv,3.0,1.0,2.0
401,CREON.csv,3.0,2.0,1.0
1314,PHENAPHEN W_ CODEINE NO. 3.csv,3.0,3.0,0.0
406,CUTIVATE.csv,3.0,1.0,2.0
584,EPIVIR-HBV.csv,3.0,1.0,2.0
1421,QUASENSE.csv,3.0,3.0,0.0
1218,OMACOR.csv,3.0,0.0,3.0
1395,PROPOXYPHENE NAPSYLATE AND ACETAMINOPHEN.csv,3.0,0.0,3.0
266,CARBAMAZEPINE.csv,3.0,1.0,2.0
1411,PSEUDOEPHEDRINE HCL.csv,3.0,2.0,1.0
200,BENZACLIN.csv,3.0,2.0,1.0
575,ENJUVIA.csv,3.0,3.0,0.0
1233,OPTICROM.csv,3.0,3.0,0.0
1237,ORAP.csv,3.0,1.0,2.0
264,CAPTOPRIL.csv,3.0,2.0,1.0
563,ELLA.csv,3.0,3.0,0.0
1245,ORTHO-NOVUM 1_35-21.csv,3.0,3.0,0.0
438,DELESTROGEN.csv,3.0,3.0,0.0
1205,NUMORPHAN.csv,3.0,1.0,2.0
308,CHILDREN'S CLARITIN.csv,3.0,0.0,3.0
972,LUPRON DEPOT.csv,3.0,3.0,0.0
805,INTROVALE.csv,3.0,3.0,0.0
834,KENALOG IN ORABASE.csv,3.0,3.0,0.0
1757,VENTOLIN HFA.csv,3.0,3.0,0.0
1758,VENTOLIN ROTACAPS.csv,3.0,2.0,1.0
1839,ZONALON.csv,3.0,3.0,0.0
829,KALETRA.csv,3.0,1.0,2.0
1837,ZOMIG-ZMT.csv,3.0,3.0,0.0
817,ISORDIL.csv,3.0,1.0,2.0
717,GLIPIZIDE.csv,3.0,3.0,0.0
1765,VERELAN.csv,3.0,1.0,2.0
724,GLYBURIDE (MICRONIZED).csv,3.0,0.0,3.0
1824,ZIANA.csv,3.0,3.0,0.0
725,GLYBURIDE.csv,3.0,2.0,1.0
928,LOESTRIN 21 1.5_30.csv,3.0,2.0,1.0
804,INTELENCE.csv,3.0,0.0,3.0
894,LEVONORGESTREL.csv,3.0,3.0,0.0
1027,METHOTREXATE PRESERVATIVE FREE.csv,3.0,3.0,0.0
1025,METHIMAZOLE.csv,3.0,2.0,1.0
98,AMLODIPINE BESYLATE AND BENAZEPRIL HYDROCHLORIDE.csv,3.0,3.0,0.0
942,LORATADINE.csv,3.0,2.0,1.0
53,ALAVERT.csv,3.0,1.0,2.0
54,ALBENZA.csv,3.0,2.0,1.0
966,LUDIOMIL.csv,3.0,1.0,2.0
765,HYDROCORTONE.csv,3.0,2.0,1.0
764,HYDROCORTISONE.csv,3.0,3.0,0.0
976,LUXIQ.csv,3.0,1.0,2.0
1012,MERCAPTOPURINE.csv,3.0,0.0,3.0
977,LYBREL.csv,3.0,2.0,1.0
754,HUMULIN 70_30.csv,3.0,1.0,2.0
838,KEPPRA XR.csv,3.0,2.0,1.0
1789,VISICOL.csv,3.0,1.0,2.0
893,LEVOFLOXACIN.csv,3.0,3.0,0.0
887,LEVETIRACETAM.csv,3.0,1.0,2.0
1750,VASERETIC.csv,3.0,2.0,1.0
1749,VASCEPA.csv,3.0,1.0,2.0
698,GANIRELIX ACETATE.csv,3.0,3.0,0.0
842,KETAMINE HYDROCHLORIDE.csv,3.0,1.0,2.0
1860,ZYRTEC-D 12 HOUR.csv,3.0,2.0,1.0
4,ABREVA.csv,3.0,1.0,2.0
841,KETALAR.csv,3.0,2.0,1.0
1327,PIROXICAM.csv,2.0,2.0,0.0
951,LOTEMAX.csv,2.0,2.0,0.0
786,IMODIUM ADVANCED.csv,2.0,0.0,2.0
1504,SENSIPAR.csv,2.0,0.0,2.0
1326,PINDOLOL.csv,2.0,1.0,1.0
499,DIMETAPP.csv,2.0,2.0,0.0
221,BONTRIL PDM.csv,2.0,2.0,0.0
1318,PHENERGAN W_ DEXTROMETHORPHAN.csv,2.0,1.0,1.0
777,IBU.csv,2.0,1.0,1.0
1316,PHENERGAN VC.csv,2.0,0.0,2.0
1315,PHENDIMETRAZINE TARTRATE.csv,2.0,2.0,0.0
1856,ZYPREXA RELPREVV.csv,2.0,1.0,1.0
502,DIPENTUM.csv,2.0,1.0,1.0
799,INDOMETHACIN SODIUM.csv,2.0,1.0,1.0
1606,TELMISARTAN AND AMLODIPINE.csv,2.0,0.0,2.0
40,ADVAIR HFA.csv,2.0,2.0,0.0
963,LOXITANE.csv,2.0,1.0,1.0
8,ACCURETIC.csv,2.0,2.0,0.0
1346,PRECOSE.csv,2.0,1.0,1.0
1347,PRED FORTE.csv,2.0,0.0,2.0
1352,PREFEST.csv,2.0,2.0,0.0
1527,SOMA COMPOUND.csv,2.0,1.0,1.0
482,DICLOXACILLIN SODIUM.csv,2.0,1.0,1.0
801,INDOMETHEGAN.csv,2.0,0.0,2.0
324,CIPRODEX.csv,2.0,1.0,1.0
937,LOPRESSOR HCT.csv,2.0,1.0,1.0
479,DICLEGIS.csv,2.0,2.0,0.0
935,LONOX.csv,2.0,2.0,0.0
1823,ZIAGEN.csv,2.0,0.0,2.0
773,HYGROTON.csv,2.0,1.0,1.0
1621,TERBINAFINE HYDROCHLORIDE.csv,2.0,1.0,1.0
302,CEPHULAC.csv,2.0,0.0,2.0
305,CETROTIDE.csv,2.0,2.0,0.0
998,MEDIHALER-ISO.csv,2.0,0.0,2.0
1791,VISKEN.csv,2.0,1.0,1.0
1640,TIMOLOL MALEATE.csv,2.0,0.0,2.0
743,HELIDAC.csv,2.0,1.0,1.0
80,ALUPENT.csv,2.0,1.0,1.0
210,BETAXOLOL HCL.csv,2.0,1.0,1.0
545,E.E.S..csv,2.0,1.0,1.0
76,ALREX.csv,2.0,2.0,0.0
71,ALOPRIM.csv,2.0,0.0,2.0
984,MAKENA.csv,2.0,2.0,0.0
983,MAGNESIUM SULFATE.csv,2.0,1.0,1.0
1631,THEOPHYLLINE.csv,2.0,1.0,1.0
535,DURICEF.csv,2.0,1.0,1.0
1285,PATADAY.csv,2.0,2.0,0.0
1310,PERMAX.csv,2.0,2.0,0.0
534,DUREZOL.csv,2.0,1.0,1.0
529,DUEXIS.csv,2.0,1.0,1.0
1293,PENICILLIN V POTASSIUM.csv,2.0,2.0,0.0
758,HYDERGINE.csv,2.0,1.0,1.0
1624,TESTOSTERONE CYPIONATE-ESTRADIOL CYPIONATE.csv,2.0,0.0,2.0
526,DRIXORAL.csv,2.0,2.0,0.0
217,BINOSTO.csv,2.0,2.0,0.0
313,CHLORHEXIDINE GLUCONATE.csv,2.0,2.0,0.0
316,CHORIONIC GONADOTROPIN.csv,2.0,0.0,2.0
5,ACANYA.csv,2.0,2.0,0.0
516,DORAL.csv,2.0,0.0,2.0
1595,TASMAR.csv,2.0,1.0,1.0
219,BLOCADREN.csv,2.0,1.0,1.0
330,CITANEST PLAIN.csv,2.0,2.0,0.0
473,DEXTROSTAT.csv,2.0,2.0,0.0
861,LAMICTAL ODT.csv,2.0,1.0,1.0
474,DIABETA.csv,2.0,1.0,1.0
420,DALIRESP.csv,2.0,1.0,1.0
1566,SUMATRIPTAN SUCCINATE.csv,2.0,1.0,1.0
413,CYLERT.csv,2.0,0.0,2.0
1417,QNASL.csv,2.0,2.0,0.0
1418,QSYMIA.csv,2.0,2.0,0.0
1420,QUARTETTE.csv,2.0,2.0,0.0
410,CYCLOBENZAPRINE HYDROCHLORIDE.csv,2.0,1.0,1.0
408,CYCLESSA.csv,2.0,1.0,1.0
1563,SULFAMETHOXAZOLE AND TRIMETHOPRIM DOUBLE STRENGTH.csv,2.0,1.0,1.0
1426,QUIXIN.csv,2.0,2.0,0.0
1428,RABEPRAZOLE SODIUM.csv,2.0,1.0,1.0
1558,SUCRALFATE.csv,2.0,1.0,1.0
403,CRINONE.csv,2.0,2.0,0.0
1834,ZOLPIDEM TARTRATE.csv,2.0,2.0,0.0
394,CORZIDE.csv,2.0,0.0,2.0
906,LIDEX.csv,2.0,2.0,0.0
1552,STRIANT.csv,2.0,0.0,2.0
351,CLOBEX.csv,2.0,0.0,2.0
383,CONTRAVE.csv,2.0,2.0,0.0
277,CARISOPRODOL.csv,2.0,2.0,0.0
377,COMMIT.csv,2.0,1.0,1.0
371,COLESTID.csv,2.0,2.0,0.0
1454,REVLIMID.csv,2.0,2.0,0.0
1841,ZONISAMIDE.csv,2.0,2.0,0.0
369,COLBENEMID.csv,2.0,0.0,2.0
14,ACETAMINOPHEN W_ CODEINE NO. 3.csv,2.0,2.0,0.0
1459,RIFAMPIN.csv,2.0,1.0,1.0
1845,ZOVIA 1_50E-28.csv,2.0,2.0,0.0
362,CLOTRIMAZOLE AND BETAMETHASONE DIPROPIONATE.csv,2.0,1.0,1.0
820,IV PERSANTINE.csv,2.0,2.0,0.0
844,KETOCONAZOLE.csv,2.0,2.0,0.0
435,DECADRON W_ XYLOCAINE.csv,2.0,1.0,1.0
459,DESOGESTREL AND ETHINYL ESTRADIOL.csv,2.0,2.0,0.0
1543,STADOL PRESERVATIVE FREE.csv,2.0,2.0,0.0
472,DEXTROAMPHETAMINE SULFATE.csv,2.0,0.0,2.0
803,INTAL.csv,2.0,0.0,2.0
877,LAXILOSE.csv,2.0,1.0,1.0
248,CABERGOLINE.csv,2.0,2.0,0.0
807,INVANZ.csv,2.0,1.0,1.0
249,CADUET.csv,2.0,0.0,2.0
1493,SANDOSTATIN.csv,2.0,2.0,0.0
1492,SANDOSTATIN LAR.csv,2.0,0.0,2.0
809,INVEGA TRINZA.csv,2.0,1.0,1.0
1378,PROCTOFOAM HC.csv,2.0,0.0,2.0
1490,SANCTURA.csv,2.0,0.0,2.0
1487,SAFYRAL.csv,2.0,2.0,0.0
925,LO_OVRAL.csv,2.0,2.0,0.0
1401,PROTONIX IV.csv,2.0,2.0,0.0
551,EDLUAR.csv,2.0,1.0,1.0
1386,PROMETHAZINE HCL.csv,2.0,1.0,1.0
1388,PROMETHAZINE W_ CODEINE.csv,2.0,1.0,1.0
1389,PROMETHAZINE WITH CODEINE.csv,2.0,2.0,0.0
455,DERMATOP E EMOLLIENT.csv,2.0,2.0,0.0
1391,PROPAFENONE HCL.csv,2.0,0.0,2.0
1578,SYNALAR.csv,2.0,1.0,1.0
452,DEPO-SUBQ PROVERA 104.csv,2.0,2.0,0.0
1533,SOVALDI.csv,2.0,0.0,2.0
29,ACYCLOVIR SODIUM.csv,2.0,2.0,0.0
816,ISOPTIN.csv,2.0,1.0,1.0
1400,PROSOM.csv,2.0,2.0,0.0
1847,ZUBSOLV.csv,2.0,2.0,0.0
1385,PROMETHAZINE HCL AND CODEINE PHOSPHATE.csv,2.0,1.0,1.0
1742,VANCENASE.csv,2.0,1.0,1.0
1001,MEDROXYPROGESTERONE ACETATE.csv,2.0,2.0,0.0
1664,TRAMADOL HYDROCHLORIDE AND ACETAMINOPHEN.csv,2.0,2.0,0.0
1050,METRONIDAZOLE IN PLASTIC CONTAINER.csv,2.0,2.0,0.0
1048,METROLOTION.csv,2.0,2.0,0.0
627,FACTIVE.csv,2.0,1.0,1.0
1150,NEOSPORIN.csv,2.0,0.0,2.0
104,AMPICILLIN TRIHYDRATE.csv,2.0,2.0,0.0
625,EXTENDED PHENYTOIN SODIUM.csv,2.0,1.0,1.0
1043,METOPROLOL TARTRATE AND HYDROCHLOROTHIAZIDE.csv,2.0,2.0,0.0
723,GLUMETZA.csv,2.0,2.0,0.0
171,AZASITE.csv,2.0,2.0,0.0
1037,METICORTEN.csv,2.0,2.0,0.0
612,ETODOLAC.csv,2.0,1.0,1.0
604,ESTRADERM.csv,2.0,2.0,0.0
1682,TRIAMCINOLONE ACETONIDE.csv,2.0,2.0,0.0
1184,NORINYL 1+35 21-DAY.csv,2.0,2.0,0.0
1678,TRI-LINYAH.csv,2.0,2.0,0.0
1026,METHOCARBAMOL.csv,2.0,2.0,0.0
1196,NOVOLIN 70_30.csv,2.0,0.0,2.0
730,GRIFULVIN V.csv,2.0,2.0,0.0
1671,TRAVATAN.csv,2.0,0.0,2.0
1669,TRASYLOL.csv,2.0,1.0,1.0
586,EPLERENONE.csv,2.0,0.0,2.0
585,EPIVIR.csv,2.0,0.0,2.0
583,EPITOL.csv,2.0,0.0,2.0
90,AMILORIDE HCL AND HYDROCHLOROTHIAZIDE.csv,2.0,2.0,0.0
1212,OCUCLEAR.csv,2.0,0.0,2.0
1213,OGEN .625.csv,2.0,1.0,1.0
191,BELBUCA.csv,2.0,1.0,1.0
111,ANCEF.csv,2.0,1.0,1.0
151,ATRALIN.csv,2.0,0.0,2.0
1053,MEXATE-AQ.csv,2.0,2.0,0.0
1728,UROCIT-K.csv,2.0,2.0,0.0
689,FOSAMAX PLUS D.csv,2.0,1.0,1.0
1089,MIRVASO.csv,2.0,2.0,0.0
1091,MOBAN.csv,2.0,1.0,1.0
687,FORTESTA.csv,2.0,0.0,2.0
1739,VALSARTAN AND HYDROCHLOROTHIAZIDE.csv,2.0,1.0,1.0
1098,MONISTAT 7 COMBINATION PACK.csv,2.0,2.0,0.0
124,APRISO.csv,2.0,2.0,0.0
673,FLUNISOLIDE.csv,2.0,2.0,0.0
117,ANORO ELLIPTA.csv,2.0,1.0,1.0
699,GANTRISIN.csv,2.0,1.0,1.0
1106,MONUROL.csv,2.0,2.0,0.0
668,FLOVENT DISKUS 50.csv,2.0,1.0,1.0
1727,UREX.csv,2.0,2.0,0.0
146,ATELVIA.csv,2.0,1.0,1.0
1070,MIDOL LIQUID GELS.csv,2.0,2.0,0.0
1726,URECHOLINE.csv,2.0,2.0,0.0
1116,MUPIROCIN.csv,2.0,2.0,0.0
703,GEMFIBROZIL.csv,2.0,2.0,0.0
130,ARICEPT ODT.csv,2.0,1.0,1.0
1126,MYZILRA.csv,2.0,2.0,0.0
1061,MICRO-K.csv,2.0,1.0,1.0
1059,MICONAZOLE 3 COMBINATION PACK.csv,2.0,2.0,0.0
1717,ULTANE.csv,2.0,0.0,2.0
1715,TYSABRI.csv,2.0,2.0,0.0
1055,MEXITIL.csv,2.0,2.0,0.0
1054,MEXILETINE HYDROCHLORIDE.csv,2.0,2.0,0.0
1215,OLANZAPINE AND FLUOXETINE HYDROCHLORIDE.csv,2.0,2.0,0.0
1039,METOCLOPRAMIDE HCL.csv,2.0,1.0,1.0
1016,METADATE CD.csv,2.0,2.0,0.0
580,ENULOSE.csv,2.0,1.0,1.0
195,BENAZEPRIL HYDROCHLORIDE AND HYDROCHLOROTHIAZIDE.csv,2.0,2.0,0.0
1783,VIGAMOX.csv,2.0,0.0,2.0
1231,OPANA.csv,2.0,2.0,0.0
1786,VIORELE.csv,2.0,2.0,0.0
201,BENZAMYCIN PAK.csv,2.0,2.0,0.0
203,BENZONATATE.csv,2.0,2.0,0.0
1007,MENEST.csv,2.0,2.0,0.0
1652,TOLECTIN.csv,2.0,1.0,1.0
567,EMEND.csv,2.0,2.0,0.0
561,ELIMITE.csv,2.0,1.0,1.0
560,ELIDEL.csv,2.0,1.0,1.0
741,HARVONI.csv,2.0,2.0,0.0
205,BETAGAN.csv,2.0,0.0,2.0
1250,ORUDIS KT.csv,2.0,2.0,0.0
1252,ORUVAIL.csv,2.0,1.0,1.0
1660,TOUJEO SOLOSTAR.csv,2.0,1.0,1.0
1190,NORPACE.csv,2.0,0.0,2.0
1221,OMEPRAZOLE MAGNESIUM.csv,2.0,0.0,2.0
735,HABITROL.csv,2.0,2.0,0.0
46,AEROSPAN HFA.csv,1.0,0.0,1.0
1546,STAXYN.csv,1.0,0.0,1.0
1633,THRIVE.csv,1.0,1.0,0.0
224,BRAVELLE.csv,1.0,1.0,0.0
112,ANCOBON.csv,1.0,1.0,0.0
1754,VELIVET.csv,1.0,0.0,1.0
1549,STIMATE.csv,1.0,1.0,0.0
134,ARIXTRA.csv,1.0,1.0,0.0
1753,VELBAN.csv,1.0,1.0,0.0
1752,VECTICAL.csv,1.0,1.0,0.0
133,ARISTOCORT.csv,1.0,1.0,0.0
15,"ACETAMINOPHEN, ASPIRIN AND CAFFEINE.csv",1.0,0.0,1.0
1545,STARLIX.csv,1.0,1.0,0.0
72,ALOXI.csv,1.0,1.0,0.0
284,CECLOR CD.csv,1.0,1.0,0.0
115,ANEXSIA.csv,1.0,1.0,0.0
1617,TENUATE.csv,1.0,1.0,0.0
77,ALTABAX.csv,1.0,1.0,0.0
286,CEDAX.csv,1.0,1.0,0.0
13,ACETAMINOPHEN AND HYDROCODONE BITARTRATE.csv,1.0,0.0,1.0
1756,VENOFER.csv,1.0,0.0,1.0
1799,VOSPIRE ER.csv,1.0,1.0,0.0
1634,THYROLAR-0.25.csv,1.0,1.0,0.0
82,ALYACEN 1_35.csv,1.0,1.0,0.0
270,CARDENE SR.csv,1.0,1.0,0.0
20,ACLOVATE.csv,1.0,1.0,0.0
18,ACETYLCYSTEINE.csv,1.0,0.0,1.0
271,CARDIOLITE.csv,1.0,1.0,0.0
1667,TRANSDERM-NITRO.csv,1.0,1.0,0.0
51,AKNE-MYCIN.csv,1.0,1.0,0.0
52,ALAMAST.csv,1.0,1.0,0.0
273,CARDIZEM LA.csv,1.0,1.0,0.0
274,CARDIZEM SR.csv,1.0,1.0,0.0
1835,ZOLPIDEM TATRATE.csv,1.0,0.0,1.0
1555,SUBLIMAZE PRESERVATIVE FREE.csv,1.0,0.0,1.0
150,ATORVASTATIN CALCIUM.csv,1.0,1.0,0.0
1554,STROMECTOL.csv,1.0,1.0,0.0
1629,THEO-24.csv,1.0,1.0,0.0
1553,STRIBILD.csv,1.0,0.0,1.0
1630,THEO-DUR.csv,1.0,0.0,1.0
1651,TOLECTIN DS.csv,1.0,0.0,1.0
204,BETA-VAL.csv,1.0,1.0,0.0
1551,STREPTOMYCIN SULFATE.csv,1.0,0.0,1.0
1539,SPIRONOLACTONE W_ HYDROCHLOROTHIAZIDE.csv,1.0,0.0,1.0
12,ACETAMINOPHEN AND CODEINE PHOSPHATE.csv,1.0,1.0,0.0
1561,SULFACETAMIDE SODIUM AND PREDNISOLONE SODIUM PHOSPHATE.csv,1.0,0.0,1.0
1852,ZYFLO CR.csv,1.0,0.0,1.0
1853,ZYFLO.csv,1.0,1.0,0.0
1662,TRACLEER.csv,1.0,1.0,0.0
1735,VALCYTE.csv,1.0,0.0,1.0
1854,ZYLET.csv,1.0,1.0,0.0
1746,VANDAZOLE.csv,1.0,1.0,0.0
1737,VALNAC.csv,1.0,0.0,1.0
1745,VANCOMYCIN HYDROCHLORIDE.csv,1.0,1.0,0.0
1790,VISINE-A.csv,1.0,1.0,0.0
1645,TIZANIDINE HYDROCHLORIDE.csv,1.0,1.0,0.0
1642,TIMOPTIC.csv,1.0,0.0,1.0
1525,SOLU-CORTEF.csv,1.0,0.0,1.0
121,APIDRA.csv,1.0,1.0,0.0
303,CERVIDIL.csv,1.0,1.0,0.0
1782,VIDEX.csv,1.0,0.0,1.0
1859,ZYRTEC ALLERGY.csv,1.0,1.0,0.0
1522,SLO-BID.csv,1.0,1.0,0.0
118,ANSAID.csv,1.0,0.0,1.0
3,ABRAXANE.csv,1.0,1.0,0.0
1788,VIREAD.csv,1.0,1.0,0.0
299,CELONTIN.csv,1.0,1.0,0.0
291,CEFPROZIL.csv,1.0,0.0,1.0
211,BEYAZ.csv,1.0,1.0,0.0
206,BETAMETHASONE DIPROPIONATE.csv,1.0,0.0,1.0
1809,WINSTROL.csv,1.0,0.0,1.0
1538,SPIRONOLACTONE AND HYDROCHLOROTHIAZIDE.csv,1.0,1.0,0.0
79,ALTAVERA.csv,1.0,1.0,0.0
127,ARANELLE.csv,1.0,1.0,0.0
1536,SPIRIVA RESPIMAT.csv,1.0,1.0,0.0
116,ANGELIQ.csv,1.0,1.0,0.0
1848,ZUTRIPRO.csv,1.0,0.0,1.0
1534,SPECTAZOLE.csv,1.0,0.0,1.0
10,ACEBUTOLOL HCL.csv,1.0,0.0,1.0
1850,ZYCLARA.csv,1.0,1.0,0.0
208,BETAPACE AF.csv,1.0,1.0,0.0
1648,TOBREX.csv,1.0,1.0,0.0
1532,SOTALOL HYDROCHLORIDE.csv,1.0,0.0,1.0
290,CEFOTAN.csv,1.0,1.0,0.0
1639,TIMENTIN.csv,1.0,1.0,0.0
1851,ZYDONE.csv,1.0,0.0,1.0
1732,V-CILLIN K.csv,1.0,1.0,0.0
125,APTIOM.csv,1.0,1.0,0.0
1647,TOBRAMYCIN AND DEXAMETHASONE.csv,1.0,0.0,1.0
154,AUBAGIO.csv,1.0,1.0,0.0
1709,TUSSICAPS.csv,1.0,1.0,0.0
187,BARACLUDE.csv,1.0,1.0,0.0
1593,TARGRETIN.csv,1.0,0.0,1.0
185,BALZIVA-28.csv,1.0,0.0,1.0
307,CHEMET.csv,1.0,0.0,1.0
70,ALOCRIL.csv,1.0,1.0,0.0
1774,VIBRA-TABS.csv,1.0,0.0,1.0
1773,VIBERZI.csv,1.0,1.0,0.0
241,BUTALBITAL W_ ASPIRIN & CAFFEINE.csv,1.0,1.0,0.0
1681,TRIAMCINOLONE ACETONIDE IN ABSORBASE.csv,1.0,1.0,0.0
1610,TEMOVATE E.csv,1.0,1.0,0.0
99,AMLODIPINE BESYLATE AND VALSARTAN.csv,1.0,1.0,0.0
1771,VFEND.csv,1.0,1.0,0.0
1562,SULFADIAZINE.csv,1.0,1.0,0.0
1592,TARCEVA.csv,1.0,1.0,0.0
1620,TERAZOSIN HCL.csv,1.0,0.0,1.0
1590,TAMSULOSIN HYDROCHLORIDE.csv,1.0,0.0,1.0
89,AMIDATE.csv,1.0,1.0,0.0
1770,VEXOL.csv,1.0,1.0,0.0
100,AMNESTEEM.csv,1.0,1.0,0.0
1685,TRIBENZOR.csv,1.0,0.0,1.0
1768,VESANOID.csv,1.0,1.0,0.0
1687,TRIDESILON.csv,1.0,0.0,1.0
1659,TORSEMIDE.csv,1.0,1.0,0.0
1676,TREXALL.csv,1.0,0.0,1.0
1674,TRELSTAR.csv,1.0,1.0,0.0
1741,VALTURNA.csv,1.0,0.0,1.0
96,AMITRIPTYLINE HYDROCHORIDE.csv,1.0,0.0,1.0
1607,TELMISARTAN.csv,1.0,1.0,0.0
64,ALINIA.csv,1.0,1.0,0.0
231,BROMFED-DM.csv,1.0,0.0,1.0
44,ADVIL PM.csv,1.0,1.0,0.0
228,BREVITAL SODIUM.csv,1.0,0.0,1.0
1670,TRAVATAN Z.csv,1.0,0.0,1.0
232,BROMOCRIPTINE MESYLATE.csv,1.0,1.0,0.0
233,BUMETANIDE.csv,1.0,0.0,1.0
192,BELSOMRA.csv,1.0,1.0,0.0
186,BANZEL.csv,1.0,0.0,1.0
47,AFINITOR.csv,1.0,1.0,0.0
234,BUMEX.csv,1.0,1.0,0.0
1600,TAZTIA XT.csv,1.0,1.0,0.0
235,BUPIVACAINE HCL.csv,1.0,1.0,0.0
1819,XULANE.csv,1.0,1.0,0.0
97,AMLODIPINE BESYLATE AND ATORVASTATIN CALCIUM.csv,1.0,1.0,0.0
36,ADENOSCAN.csv,1.0,1.0,0.0
240,BUSPIRONE HYDROCHLORIDE.csv,1.0,0.0,1.0
257,CAMPTOSAR.csv,1.0,0.0,1.0
1612,TENCON.csv,1.0,1.0,0.0
1688,TRIGLIDE.csv,1.0,0.0,1.0
1572,SUTENT.csv,1.0,0.0,1.0
263,CAPTOPRIL AND HYDROCHLOROTHIAZIDE.csv,1.0,0.0,1.0
216,BILTRICIDE.csv,1.0,1.0,0.0
28,ACULAR.csv,1.0,1.0,0.0
1569,SUPREP BOWEL PREP KIT.csv,1.0,1.0,0.0
1702,TRIZIVIR.csv,1.0,0.0,1.0
1828,ZMAX.csv,1.0,1.0,0.0
26,ACTOPLUS MET.csv,1.0,1.0,0.0
1763,VEREGEN.csv,1.0,0.0,1.0
1704,TROVAN.csv,1.0,1.0,0.0
63,ALFUZOSIN HYDROCHLORIDE.csv,1.0,0.0,1.0
268,CARBOCAINE W_ NEO-COBEFRIN.csv,1.0,1.0,0.0
1781,VIDEX EC.csv,1.0,1.0,0.0
1705,TRULICITY.csv,1.0,0.0,1.0
269,CARBOPLATIN.csv,1.0,1.0,0.0
1762,VERAPAMIL HYDROCHLORIDE.csv,1.0,1.0,0.0
24,ACTIVELLA.csv,1.0,1.0,0.0
161,AVELOX IN SODIUM CHLORIDE 0.8% IN PLASTIC CONTAINER.csv,1.0,0.0,1.0
1800,VOTRIENT.csv,1.0,0.0,1.0
1708,TUDORZA PRESSAIR.csv,1.0,0.0,1.0
1700,"TRIPROLIDINE HCL, PSEUDOEPHEDRINE HCL AND CODEINE PHOSPHATE.csv",1.0,0.0,1.0
1573,SYEDA.csv,1.0,1.0,0.0
1655,TOPICORT.csv,1.0,0.0,1.0
262,CAPOZIDE 25_15.csv,1.0,0.0,1.0
1582,TAGAMET HB 200.csv,1.0,0.0,1.0
1581,TACLONEX SCALP.csv,1.0,1.0,0.0
101,AMOXAPINE.csv,1.0,0.0,1.0
207,BETAMETHASONE VALERATE.csv,1.0,0.0,1.0
1825,ZINACEF.csv,1.0,1.0,0.0
83,ALYACEN 7_7_7.csv,1.0,1.0,0.0
1692,TRILYTE.csv,1.0,1.0,0.0
1693,TRIMETH_SULFA.csv,1.0,1.0,0.0
1694,TRIMETHOPRIM SULFATE AND POLYMYXIN B SULFATE.csv,1.0,1.0,0.0
259,CANDESARTAN CILEXETIL.csv,1.0,0.0,1.0
1766,VERMOX.csv,1.0,0.0,1.0
1696,TRIMOX.csv,1.0,1.0,0.0
1697,TRIOSTAT.csv,1.0,1.0,0.0
260,CAP-PROFEN.csv,1.0,0.0,1.0
1576,SYMLIN.csv,1.0,1.0,0.0
261,CAPITAL WITH CODEINE.csv,1.0,1.0,0.0
91,AMINOPHYLLINE.csv,1.0,0.0,1.0
1625,TESTOSTERONE PROPIONATE.csv,1.0,0.0,1.0
1801,VRAYLAR.csv,1.0,1.0,0.0
215,BICNU.csv,1.0,1.0,0.0
476,DIASTAT.csv,1.0,0.0,1.0
309,CHILDREN'S ZYRTEC ALLERGY.csv,1.0,1.0,0.0
694,FURADANTIN.csv,1.0,0.0,1.0
1064,MICROLITE.csv,1.0,1.0,0.0
1065,MICRONASE.csv,1.0,1.0,0.0
705,GENERLAC.csv,1.0,1.0,0.0
1069,MIDODRINE HYDROCHLORIDE.csv,1.0,0.0,1.0
702,GELNIQUE 3%.csv,1.0,1.0,0.0
1075,MINIPRESS XL.csv,1.0,0.0,1.0
1077,MINIVELLE.csv,1.0,1.0,0.0
695,FUROSEMIDE.csv,1.0,1.0,0.0
1082,MINOXIDIL EXTRA STRENGTH (FOR MEN).csv,1.0,0.0,1.0
675,FLUOXETINE HYDROCHLORIDE.csv,1.0,0.0,1.0
693,FUNDUSCEIN-25.csv,1.0,0.0,1.0
691,FREAMINE III 3% W_ ELECTROLYTES.csv,1.0,1.0,0.0
690,FRAGMIN.csv,1.0,1.0,0.0
1090,MISOPROSTOL.csv,1.0,1.0,0.0
685,FORTAMET.csv,1.0,1.0,0.0
684,FORADIL.csv,1.0,1.0,0.0
682,FOLIC ACID.csv,1.0,1.0,0.0
678,FLUVOXAMINE MALEATE.csv,1.0,0.0,1.0
706,GENGRAF.csv,1.0,1.0,0.0
707,GENOTROPIN PRESERVATIVE FREE.csv,1.0,1.0,0.0
1060,MICONAZOLE 7.csv,1.0,1.0,0.0
708,GENTAMICIN SULFATE IN SODIUM CHLORIDE 0.9% IN PLASTIC CONTAINER.csv,1.0,1.0,0.0
729,GRALISE.csv,1.0,1.0,0.0
726,GLYCOPYRROLATE.csv,1.0,1.0,0.0
1030,METHSCOPOLAMINE BROMIDE.csv,1.0,1.0,0.0
1031,METHYLDOPA.csv,1.0,1.0,0.0
1032,METHYLIN ER.csv,1.0,0.0,1.0
1033,METHYLIN.csv,1.0,0.0,1.0
1035,METHYLPREDNISOLONE ACETATE.csv,1.0,1.0,0.0
1038,METIMYD.csv,1.0,1.0,0.0
1040,METOCLOPRAMIDE.csv,1.0,1.0,0.0
1041,METOLAZONE.csv,1.0,1.0,0.0
1045,METRO I.V..csv,1.0,1.0,0.0
716,GLEEVEC.csv,1.0,0.0,1.0
715,GLATOPA.csv,1.0,1.0,0.0
1049,METROMIDOL.csv,1.0,1.0,0.0
714,GILOTRIF.csv,1.0,0.0,1.0
712,GILDESS FE 1_20.csv,1.0,0.0,1.0
711,GILDESS FE 1.5_30.csv,1.0,1.0,0.0
676,FLURAZEPAM HCL.csv,1.0,0.0,1.0
1102,MONO-LINYAH.csv,1.0,0.0,1.0
1023,METHAMPHETAMINE HCL.csv,1.0,1.0,0.0
626,EXTRA-STRENGTH AIM.csv,1.0,0.0,1.0
629,FAMOTIDINE.csv,1.0,0.0,1.0
1143,NATAZIA.csv,1.0,0.0,1.0
1144,NATESTO.csv,1.0,0.0,1.0
628,FALMINA.csv,1.0,1.0,0.0
1146,NEGGRAM.csv,1.0,0.0,1.0
1148,NEOMYCIN AND POLYMYXIN B SULFATES AND DEXAMETHASONE.csv,1.0,0.0,1.0
1151,NEPTAZANE.csv,1.0,1.0,0.0
1152,NEUPRO.csv,1.0,0.0,1.0
1154,NEXAVAR.csv,1.0,1.0,0.0
1103,MONODOX.csv,1.0,1.0,0.0
1155,NEXIUM IV.csv,1.0,1.0,0.0
624,EXJADE.csv,1.0,1.0,0.0
1158,NIACOR.csv,1.0,0.0,1.0
621,EXEMESTANE.csv,1.0,1.0,0.0
618,EXALGO.csv,1.0,1.0,0.0
1163,NICOTINE POLACRILEX.csv,1.0,0.0,1.0
615,EURAX.csv,1.0,0.0,1.0
1165,NILSTAT.csv,1.0,1.0,0.0
634,FELBATOL.csv,1.0,0.0,1.0
636,FELODIPINE.csv,1.0,0.0,1.0
640,FEMRING.csv,1.0,1.0,0.0
642,FENTANYL CITRATE AND DROPERIDOL.csv,1.0,0.0,1.0
1104,MONOPRIL-HCT.csv,1.0,0.0,1.0
667,FLORONE.csv,1.0,0.0,1.0
663,FLECTOR.csv,1.0,1.0,0.0
661,FLAREX.csv,1.0,1.0,0.0
1112,MUCINEX D.csv,1.0,1.0,0.0
652,FINASTERIDE.csv,1.0,0.0,1.0
1117,MUSE.csv,1.0,0.0,1.0
1119,MYCO-TRIACET II.csv,1.0,1.0,0.0
1120,MYCOBUTIN.csv,1.0,0.0,1.0
1121,MYCOLOG-II.csv,1.0,1.0,0.0
1122,MYLERAN.csv,1.0,1.0,0.0
1123,MYORISAN.csv,1.0,1.0,0.0
648,FERAHEME.csv,1.0,1.0,0.0
1129,NAFTIN.csv,1.0,1.0,0.0
1130,NALFON.csv,1.0,0.0,1.0
645,FENTANYL-25.csv,1.0,1.0,0.0
643,FENTANYL CITRATE.csv,1.0,0.0,1.0
1024,METHERGINE.csv,1.0,1.0,0.0
731,GRIS-PEG.csv,1.0,1.0,0.0
311,CHLORAPREP.csv,1.0,1.0,0.0
822,JANUMET XR.csv,1.0,1.0,0.0
832,KEFZOL.csv,1.0,1.0,0.0
903,LEXXEL.csv,1.0,1.0,0.0
828,KADCYLA.csv,1.0,1.0,0.0
907,LIDOCAINE HCL VISCOUS.csv,1.0,0.0,1.0
908,LIDOCAINE HCL.csv,1.0,1.0,0.0
909,LIDOCAINE HYDROCHLORIDE PRESERVATIVE FREE IN PLASTIC CONTAINER.csv,1.0,1.0,0.0
826,JUNEL 1.5_30.csv,1.0,1.0,0.0
913,LINCOCIN.csv,1.0,1.0,0.0
821,JANTOVEN.csv,1.0,1.0,0.0
940,LORABID.csv,1.0,0.0,1.0
916,LIOTHYRONINE SODIUM.csv,1.0,1.0,0.0
917,LIPOFEN.csv,1.0,1.0,0.0
819,ISRADIPINE.csv,1.0,0.0,1.0
815,ISONIAZID.csv,1.0,1.0,0.0
814,ISENTRESS.csv,1.0,1.0,0.0
813,IPRATROPIUM BROMIDE.csv,1.0,1.0,0.0
934,LONITEN.csv,1.0,0.0,1.0
802,INNOPRAN XL.csv,1.0,0.0,1.0
901,LEVULAN.csv,1.0,1.0,0.0
833,KELNOR.csv,1.0,1.0,0.0
897,LEVORPHANOL TARTRATE.csv,1.0,1.0,0.0
892,LEVOBUNOLOL HYDROCHLORIDE.csv,1.0,0.0,1.0
857,LAC-HYDRIN.csv,1.0,0.0,1.0
867,LANOXICAPS.csv,1.0,1.0,0.0
854,KUVAN.csv,1.0,0.0,1.0
853,KURVELO.csv,1.0,1.0,0.0
852,KOMBIGLYZE XR.csv,1.0,0.0,1.0
871,LARODOPA.csv,1.0,0.0,1.0
873,LASTACAFT.csv,1.0,0.0,1.0
874,LATANOPROST.csv,1.0,0.0,1.0
875,LATISSE.csv,1.0,1.0,0.0
850,KLOR-CON M20.csv,1.0,1.0,0.0
878,LEFLUNOMIDE.csv,1.0,1.0,0.0
880,LESCOL.csv,1.0,1.0,0.0
883,LEUCOVORIN CALCIUM.csv,1.0,1.0,0.0
884,LEUPROLIDE ACETATE.csv,1.0,0.0,1.0
845,KETOZOLE.csv,1.0,1.0,0.0
890,LEVO-DROMORAN.csv,1.0,0.0,1.0
891,LEVO-T.csv,1.0,1.0,0.0
939,LOPROX.csv,1.0,1.0,0.0
941,LORATADINE AND PSEUDOEPHEDRINE SULFATE.csv,1.0,1.0,0.0
733,GYNE-LOTRIMIN.csv,1.0,1.0,0.0
742,HECTOROL.csv,1.0,1.0,0.0
747,HEXALEN.csv,1.0,1.0,0.0
746,HEPARIN SODIUM.csv,1.0,0.0,1.0
745,"HEPARIN SODIUM 20,000 UNITS IN DEXTROSE 5% IN PLASTIC CONTAINER.csv",1.0,1.0,0.0
993,MAXITROL.csv,1.0,0.0,1.0
744,HEPARIN LOCK FLUSH.csv,1.0,1.0,0.0
996,MECLIZINE HYDROCHLORIDE.csv,1.0,1.0,0.0
997,MECLOFENAMATE SODIUM.csv,1.0,0.0,1.0
999,MEDROL ACETATE.csv,1.0,1.0,0.0
1004,MEGESTROL ACETATE.csv,1.0,1.0,0.0
797,INDOCIN SR.csv,1.0,0.0,1.0
1008,MENOPUR.csv,1.0,1.0,0.0
1009,MENTAX.csv,1.0,0.0,1.0
739,HALOPERIDOL DECANOATE.csv,1.0,0.0,1.0
738,HALFLYTELY.csv,1.0,1.0,0.0
1014,MERREM.csv,1.0,0.0,1.0
734,H.P. ACTHAR GEL.csv,1.0,1.0,0.0
1017,METADATE ER.csv,1.0,1.0,0.0
1018,METASTRON.csv,1.0,1.0,0.0
748,HORIZANT.csv,1.0,0.0,1.0
749,HUMALOG MIX 75_25.csv,1.0,1.0,0.0
987,MARLISSA.csv,1.0,1.0,0.0
980,M-ZOLE 3 COMBINATION PACK.csv,1.0,1.0,0.0
796,INDOCIN I.V..csv,1.0,0.0,1.0
947,LORYNA.csv,1.0,1.0,0.0
795,INDO-LEMMON.csv,1.0,0.0,1.0
792,INCRUSE ELLIPTA.csv,1.0,0.0,1.0
791,INCIVEK.csv,1.0,0.0,1.0
784,IMIQUIMOD.csv,1.0,1.0,0.0
781,IMBRUVICA.csv,1.0,1.0,0.0
955,LOTRIMIN.csv,1.0,1.0,0.0
780,ILOTYCIN.csv,1.0,1.0,0.0
776,IBANDRONATE SODIUM.csv,1.0,1.0,0.0
770,HYDROXYUREA.csv,1.0,0.0,1.0
962,LOXAPINE SUCCINATE.csv,1.0,1.0,0.0
965,LUCENTIS.csv,1.0,1.0,0.0
768,HYDROPRES 25.csv,1.0,1.0,0.0
767,HYDROMORPHONE HCL.csv,1.0,1.0,0.0
763,HYDROCODONE BITARTRATE AND HOMATROPINE METHYLBROMIDE.csv,1.0,0.0,1.0
757,HYCOMINE.csv,1.0,0.0,1.0
1166,NIRAVAM.csv,1.0,0.0,1.0
1167,NITRO-DUR.csv,1.0,1.0,0.0
614,EULEXIN.csv,1.0,1.0,0.0
437,DELATESTRYL.csv,1.0,0.0,1.0
457,DESLORATADINE.csv,1.0,1.0,0.0
1384,PROMETHAZINE DM.csv,1.0,1.0,0.0
1387,PROMETHAZINE PLAIN.csv,1.0,1.0,0.0
1392,PROPANTHELINE BROMIDE.csv,1.0,1.0,0.0
454,DERMA-SMOOTHE_FS.csv,1.0,1.0,0.0
1396,PROPRANOLOL HCL INTENSOL.csv,1.0,1.0,0.0
445,DENAVIR.csv,1.0,1.0,0.0
441,DELZICOL.csv,1.0,1.0,0.0
1403,PROTOPIC.csv,1.0,1.0,0.0
1424,QUETIAPINE FUMARATE.csv,1.0,0.0,1.0
1404,PROTROPIN.csv,1.0,0.0,1.0
431,DAYSEE.csv,1.0,1.0,0.0
429,DASETTA 1_35.csv,1.0,1.0,0.0
426,DARVON W_ ASA.csv,1.0,0.0,1.0
1410,PSEUDOEPHEDRINE HCL AND CHLORPHENIRAMINE MALEATE.csv,1.0,1.0,0.0
423,DANTRIUM.csv,1.0,1.0,0.0
415,CYPROHEPTADINE HCL.csv,1.0,1.0,0.0
411,CYCLOGYL.csv,1.0,1.0,0.0
1382,PROLIXIN DECANOATE.csv,1.0,0.0,1.0
460,DESONIDE.csv,1.0,0.0,1.0
461,DESOWEN.csv,1.0,1.0,0.0
1377,PROCTOCORT.csv,1.0,0.0,1.0
497,DILTIAZEM XR.csv,1.0,0.0,1.0
491,DILACOR XR.csv,1.0,1.0,0.0
1348,PREDNISOLONE ACETATE.csv,1.0,0.0,1.0
488,DIFLUCAN IN SODIUM CHLORIDE 0.9%.csv,1.0,1.0,0.0
487,DIFICID.csv,1.0,1.0,0.0
485,DIDRONEL.csv,1.0,0.0,1.0
1354,PREMASOL 6% IN PLASTIC CONTAINER.csv,1.0,1.0,0.0
1356,PREPOPIK.csv,1.0,0.0,1.0
478,DIBENZYLINE.csv,1.0,1.0,0.0
1364,PRIMAQUINE.csv,1.0,1.0,0.0
467,DEXAMETHASONE SODIUM PHOSPHATE.csv,1.0,0.0,1.0
465,DETROL LA.csv,1.0,0.0,1.0
1371,PROBENECID AND COLCHICINE.csv,1.0,0.0,1.0
1372,PROBENECID.csv,1.0,0.0,1.0
462,DESOXIMETASONE.csv,1.0,0.0,1.0
1375,PROCHLORPERAZINE MALEATE.csv,1.0,1.0,0.0
1376,PROCHLORPERAZINE.csv,1.0,1.0,0.0
1419,QUADRAMET.csv,1.0,0.0,1.0
1425,QUINIDINE GLUCONATE.csv,1.0,0.0,1.0
1170,NITROGLYCERIN.csv,1.0,1.0,0.0
1489,SANCTURA XR.csv,1.0,1.0,0.0
355,CLOMIPRAMINE HYDROCHLORIDE.csv,1.0,0.0,1.0
1476,ROMAZICON.csv,1.0,0.0,1.0
1478,ROXICET 5_500.csv,1.0,1.0,0.0
349,CLOBETASOL PROPIONATE (EMOLLIENT).csv,1.0,1.0,0.0
1482,RUBRAMIN PC.csv,1.0,0.0,1.0
1483,RYTARY.csv,1.0,0.0,1.0
1486,RYZOLT.csv,1.0,1.0,0.0
338,CLEMASTINE FUMARATE.csv,1.0,1.0,0.0
1496,SARAFEM.csv,1.0,1.0,0.0
407,CYCLAFEM 7_7_7.csv,1.0,1.0,0.0
328,CISPLATIN.csv,1.0,1.0,0.0
327,CIPROFLOXACIN.csv,1.0,1.0,0.0
322,CIPRO XR.csv,1.0,1.0,0.0
318,CILOXAN.csv,1.0,1.0,0.0
1509,SEROPHENE.csv,1.0,1.0,0.0
314,CHLORPROMAZINE HCL.csv,1.0,1.0,0.0
312,CHLORDIAZEPOXIDE AND AMITRIPTYLINE HCL.csv,1.0,1.0,0.0
1514,SIMCOR.csv,1.0,0.0,1.0
1470,ROBAXISAL.csv,1.0,0.0,1.0
357,CLONIDINE HCL AND CHLORTHALIDONE.csv,1.0,1.0,0.0
1468,RIZATRIPTAN BENZOATE.csv,1.0,1.0,0.0
359,CLONIDINE HYDROCHLORIDE.csv,1.0,1.0,0.0
1429,RAMIPRIL.csv,1.0,0.0,1.0
1432,RANITIDINE HYDROCHLORIDE.csv,1.0,1.0,0.0
404,CRIXIVAN.csv,1.0,0.0,1.0
1436,RAYOS.csv,1.0,1.0,0.0
397,COTRIM.csv,1.0,1.0,0.0
395,COSENTYX.csv,1.0,1.0,0.0
393,CORTIFOAM.csv,1.0,1.0,0.0
390,CORMAX.csv,1.0,1.0,0.0
1446,RENOVA.csv,1.0,1.0,0.0
384,CONZIP.csv,1.0,0.0,1.0
382,CONTAC.csv,1.0,1.0,0.0
1457,RIBAVARIN.csv,1.0,0.0,1.0
1458,RIFADIN.csv,1.0,1.0,0.0
1460,RILUTEK.csv,1.0,1.0,0.0
367,COL-PROBENECID.csv,1.0,0.0,1.0
363,CLOXAPEN.csv,1.0,0.0,1.0
361,CLORAZEPATE DIPOTASSIUM.csv,1.0,1.0,0.0
1341,PRALUENT.csv,1.0,0.0,1.0
1339,POTASSIUM CHLORIDE.csv,1.0,1.0,0.0
1338,POTASSIUM CHLORIDE 20MEQ IN DEXTROSE 5% AND LACTATED RINGER'S IN PLASTIC CONTAINER.csv,1.0,0.0,1.0
1226,OMNISCAN.csv,1.0,1.0,0.0
582,EPIPEN.csv,1.0,1.0,0.0
1211,NYSTOP.csv,1.0,0.0,1.0
1214,OGESTREL 0.5_50-21.csv,1.0,1.0,0.0
1216,OLANZAPINE.csv,1.0,0.0,1.0
1219,OMEPRAZOLE AND CLARITHROMYCIN AND AMOXICILLIN.csv,1.0,1.0,0.0
1220,OMEPRAZOLE AND SODIUM BICARBONATE.csv,1.0,0.0,1.0
578,ENSKYCE.csv,1.0,1.0,0.0
1225,OMNIPEN (AMPICILLIN).csv,1.0,1.0,0.0
1227,ONCOVIN.csv,1.0,0.0,1.0
1337,POTASSIUM CHLORIDE 10MEQ IN DEXTROSE 5% AND SODIUM CHLORIDE 0.3% IN PLASTIC CONTAINER.csv,1.0,0.0,1.0
577,ENPRESSE-28.csv,1.0,1.0,0.0
576,ENOXAPARIN SODIUM.csv,1.0,1.0,0.0
1232,OPDIVO.csv,1.0,0.0,1.0
574,ENDOMETRIN.csv,1.0,0.0,1.0
568,EMOQUETTE.csv,1.0,1.0,0.0
1238,ORAPRED.csv,1.0,0.0,1.0
1240,ORSYTHIA.csv,1.0,1.0,0.0
566,EMBEDA.csv,1.0,1.0,0.0
1206,NUTROPIN.csv,1.0,1.0,0.0
1203,NUEDEXTA.csv,1.0,1.0,0.0
587,EQUANIL.csv,1.0,1.0,0.0
588,ERGOTAMINE TARTRATE AND CAFFEINE.csv,1.0,0.0,1.0
1171,NITROSTAT.csv,1.0,1.0,0.0
610,ESZOPICLONE.csv,1.0,1.0,0.0
1176,NORDETTE-21.csv,1.0,1.0,0.0
606,ESTRATAB.csv,1.0,1.0,0.0
1178,NORDITROPIN NORDIFLEX.csv,1.0,0.0,1.0
1179,NORDITROPIN.csv,1.0,0.0,1.0
599,ESGIC-PLUS.csv,1.0,0.0,1.0
1185,NORINYL 1+50 21-DAY.csv,1.0,1.0,0.0
597,ERYTHROMYCIN STEARATE.csv,1.0,1.0,0.0
1187,NORMODYNE.csv,1.0,1.0,0.0
596,ERYTHROMYCIN ETHYLSUCCINATE.csv,1.0,1.0,0.0
595,ERYTHROMYCIN ETHYLSUCCINATE AND SULFISOXAZOLE ACETYL.csv,1.0,1.0,0.0
592,ERYMAX.csv,1.0,1.0,0.0
591,ERYGEL.csv,1.0,1.0,0.0
1195,NORVIR.csv,1.0,1.0,0.0
1197,NOVOLIN R.csv,1.0,1.0,0.0
1200,NUCALA.csv,1.0,1.0,0.0
559,ELESTRIN.csv,1.0,1.0,0.0
1247,ORTHO-NOVUM 1_50 21.csv,1.0,1.0,0.0
1248,ORTHO-NOVUM 7_14-28.csv,1.0,1.0,0.0
1321,PHENYLPROPANOLAMINE HCL W_ CHLORPHENIRAMINE MALEATE.csv,1.0,0.0,1.0
1292,PENICILLIN G SODIUM.csv,1.0,0.0,1.0
528,DUAVEE.csv,1.0,1.0,0.0
1298,PENTOTHAL.csv,1.0,0.0,1.0
1301,PEPCID RPD.csv,1.0,0.0,1.0
1305,PERGONAL.csv,1.0,1.0,0.0
513,DOBUTAMINE HCL IN DEXTROSE 5% IN PLASTIC CONTAINER.csv,1.0,0.0,1.0
1309,PERIOSTAT.csv,1.0,0.0,1.0
511,DIURIL.csv,1.0,1.0,0.0
1322,PHOSLO.csv,1.0,0.0,1.0
558,ELESTAT.csv,1.0,0.0,1.0
1323,PHOSPHOLINE IODIDE.csv,1.0,1.0,0.0
1324,PHRENILIN.csv,1.0,1.0,0.0
1328,PITOCIN.csv,1.0,1.0,0.0
508,DISULFIRAM.csv,1.0,0.0,1.0
1330,PLAN B ONE-STEP.csv,1.0,1.0,0.0
507,DIPYRIDAMOLE.csv,1.0,1.0,0.0
506,DIPROSONE.csv,1.0,1.0,0.0
505,DIPROLENE AF.csv,1.0,1.0,0.0
1290,PEMOLINE.csv,1.0,0.0,1.0
531,DUONEB.csv,1.0,0.0,1.0
533,DURAMORPH PF.csv,1.0,1.0,0.0
538,DYNACIN.csv,1.0,1.0,0.0
557,ELDEPRYL.csv,1.0,1.0,0.0
1253,OSMOPREP.csv,1.0,1.0,0.0
550,EDEX.csv,1.0,0.0,1.0
1258,OVIDE.csv,1.0,1.0,0.0
547,ECONOPRED.csv,1.0,0.0,1.0
1262,OXANDROLONE.csv,1.0,0.0,1.0
1264,OXISTAT.csv,1.0,1.0,0.0
1265,OXTELLAR XR.csv,1.0,1.0,0.0
1266,OXYBUTYNIN CHLORIDE.csv,1.0,1.0,0.0
1267,OXYCET.csv,1.0,1.0,0.0
1270,OXYCODONE HYDROCHLORIDE AND IBUPROFEN.csv,1.0,1.0,0.0
544,E.E.S. 400.csv,1.0,1.0,0.0
542,E-BASE.csv,1.0,1.0,0.0
540,DYNACIRC.csv,1.0,1.0,0.0
1280,PARAGARD T 380A.csv,1.0,1.0,0.0
1281,PARAPLATIN.csv,1.0,1.0,0.0
0,A_T_S.csv,1.0,1.0,0.0
25,ACTONEL.csv,0.0,0.0,0.0
